id,标题,成文或生成日期,发布或生效日期,来源,URL源地址,内容
146,温春镇召开村委会换届工作阶段总结会议,2018-01-08,2018-01-08,牡丹江-西安日报,https://www.mdjxa.gov.cn//index.php?c=article&id=18610,1月5日，温春镇召开村委会换届工作阶段总结及下一步工作部署会议，会议由镇长嵇慧斌主持，各包村领导、干部、辖区内20个行政村支部书记等共计30余人参加本次会议。　　会议下发了《2017年温春镇村民委员会换届选举工作实施方案（草案）》，总结了前一阶段村委会换届工作的主要成效和下一阶段换届工作中可能遇到的问题和困难，各包村领导、干部要配合村党支部委员会按照《温春镇村委会换届选举工作日程安排表》有序推进工作，明确时间节点、全程留好记录材料，确保村委会换届选举工作顺利完成。　　会议强调，各行政村要坚持严格标准，扩大视野，优化班子结构，扩宽选人渠道，从严把关，切实把“懂农业、爱农村、爱农民”的优秀人才选进村委班子。　　会议同时下发了温春镇纪委[2018]1号文件关于转发《关于强化监督执纪问责确保2018年元旦春节风清气正的通知》和温春镇纪委[2018]2号文件关于转发《牡丹江市规范党员干部操办婚丧喜庆事宜实施办法》的通知，要求各村开会认真学习文件精神及相关规定，并严格落实执行。
147,市委组织部部委徐艳伟到火炬街道大平安社区检查指导党建工作,2018-01-08,2018-01-08,牡丹江-西安日报,https://www.mdjxa.gov.cn//index.php?c=article&id=18609,2018年1月4日，市委组织部部委徐艳伟到火炬街道大平安社区检查指导党建工作。区委常委、组织部长林坤陪同。　　检查组一行实地查看了社区事务室、党员活动室等；听取了大平安社区的党建工作汇报；对社区党建特色品牌“我是党员我先行”主题活动内容给予充分肯定，并对如何更好地做好基层党建工作提出了指导性意见。　　徐艳伟要求，街道及社区在今后的工作中要不断探索创新党建新模式、新方法、新载体，加强党员队伍管理，充分发挥党员先锋模范作用，继续开展形式多样的学习教育，扩大服务型党组织的正能量，以党建工作促社区发展。
148,区委副书记、区长栾娟到先锋街道办事处调研,2018-01-08,2018-01-08,牡丹江-西安日报,https://www.mdjxa.gov.cn//index.php?c=article&id=18607,1月4日，区委副书记、区长栾娟到先锋街道办事处调研。　　在西三社区，栾娟与街道和社区相关人员进行座谈交流，详细了解了社区工作中存在的问题及困难，并就物业突出矛盾、社区工作人员保险问题、基层工作人员不足和社区行政化负担过重问题进行了深入交流；在西一社区，栾娟希望社区在解决了办公场所问题后要将社区建设、党建服务有机结合起来，推动基层党建和社建工作的亮点打造，持续扩大为民服务新模式的影响力。　　栾娟指出，社区处在为民服务第一线、最前沿，是基层社会治理的重要组织，要加强自身建设，发挥好自治作用，满足社区居民的多样化、个性化的服务需求，增强社区居民的幸福感。
145,海峡两岸农业合作创新发展研讨会嘉宾到西安区参观考察,2018-01-09,2018-01-09,牡丹江-西安日报,https://www.mdjxa.gov.cn//index.php?c=article&id=18642,为加强农业科技推广、农产品精深加工、农业一二三产融合，在农民专业合作组织培育、美丽乡村建设等方面开展交流合作，加快西安区台湾农民创业园建设发展，实现强强联合、互利双赢。1月6日至7日，海峡两岸农业合作创新发展研讨会嘉宾到西安区参观考察，国台办、农业部台办、省台办、省农委相关领导以及台湾农业专家，台创园台资企业代表、四川新津台创园、安徽和县台创园、湖南澧县农委代表参加活动。市委常委、统战部长王刚，副区长李新梁等相关领导陪同。　　研讨会嘉宾先后参访了市经开区规划馆、西安区台创园基地、黑龙江省农业经济职业学院等地，与西安区相关负责同志和台湾联合大学、台商企业负责人进行座谈交流，共同探寻现代农业、休闲农业、观光农业发展方向和美好前景。与会人员希望两岸不断加强交流，采取多种形式，开展更多务实性合作。
143,西安区台湾农民创业园授牌仪式在哈尔滨举行,2018-01-12,2018-01-12,牡丹江-西安日报,https://www.mdjxa.gov.cn//index.php?c=article&id=18656,1月5日，黑龙江牡丹江西安区台湾农民创业园（以下简称“西安区台创园”）授牌仪式在哈尔滨举行。国台办、农业部台办相关领导，台湾农业专家，台创园台资企业代表及西安区政府相关领导参加仪式。　　西安区台创园是东北地区唯一一个国家级台湾农民创业园，总体规划“一区、四园、一带”六大板块设置，重点加强蔬菜、水稻、果品、花卉和特色农作物等方面与台湾地区的合作。目前，西安区台创园在用地保障、财政扶持、税收优惠、金融政策等方面帮助园区企业更好更快发展。　　为加快园区建设发展，西安区台创园积极学习其他台创园的先进发展经验，在2017年11月与云南昆明石林台湾农民创业园签订“友好互助协议”，更好地吸引台商投资项目落户台创园，推动两岸经济交流合作。　　西安区台创园的设立，有利于发挥黑龙江的资源、产业、区位优势，为黑台两地搭建农业产业互动平台，在农业科技推广、农产品精深加工、农业一二三产融合、农民专业合作组织培育、美丽乡村建设等方面开展交流合作，实现强强联合、互利双赢。
144,区委常委、政法委书记郭诗忠到温春镇海浪村调研,2018-01-12,2018-01-12,牡丹江-西安日报,https://www.mdjxa.gov.cn//index.php?c=article&id=18655,2018年1月12日，区委常委、政法委书记郭诗忠到温春镇海浪村调研。了解、指导村委会换届工作情况。　　调研组听取了镇包村干部和村支部成员关于村委会换届选举工作的情况汇报。　　郭诗忠强调，村委会换届选举工作必须提高质量，要注重选民登记、公示期和秘密投票等工作细节，要用程序保证村委会换届选举工作顺利推进。
141,区委常委、政法委书记郭诗忠到海南乡中兴村指导换届工作,2018-01-15,2018-01-15,牡丹江-西安日报,https://www.mdjxa.gov.cn//index.php?c=article&id=18664,近日，区委常委、政法委书记郭诗忠带领区信访办相关同志到海南乡中兴村检查指导“两委”换届工作。　　郭诗忠听取了中兴村“两委”换届选举工作汇报，对中兴村换届前期工作开展情况给予了肯定。　　对下一步工作，郭诗忠强调，要严格程序、严明纪律，做到程序到位、环节到位，把换届选举各项工作做深、做细、做实，避免选举工作中出现问题，严格按照法律法规开展换届选举工作，既要营造选人用人的良好氛围，又要确保换届选举风清气正。选出一支听党话、能干事，带领村民共同发展、脱贫致富的农村“当家人”。
142,区委书记宋景东到区属小学实地调研,2018-01-15,2018-01-15,牡丹江-西安日报,https://www.mdjxa.gov.cn//index.php?c=article&id=18663,1月12日，区委书记宋景东到海南乡朝鲜族中心校、西苑小学、江滨小学、火炬小学、平安小学等学校开展实地调研，并在平安小学召开了由区教育局班子成员及区内9所小学负责人参加的座谈会。区委副书记、统战部长张海峰，副区长李新梁以及区委办、区教育文体局相关同志参加调研。　　调研中，宋书记深入了解了各校教育教学、办学条件、师资力量配备等基本情况。各学校就校园建设和2018年重点工作谋划情况进行了汇报。　　就做好当前和今后一个时期的教育工作，宋书记强调，百年大计，教育为本。教育是民族振兴、社会进步的基石，是提高国民素质、促进人的全面发展的根本途径。做好教育工作才能赢得未来，才能加快实现中华民族伟大复兴的梦想。要按照党的十九大要求，全面贯彻党的教育方针，落实立德树人根本任务，发展素质教育，推进教育公平，培养德智体美全面发展的社会主义建设者和接班人。要推动城乡义务教育一体化均衡发展，高度重视农村义务教育，办好学前教育，努力让每个孩子都能享有公平而有质量的教育；要针对部分学校师生比例不均衡的问题，通过优化学区设置，健全教师交流机制，解决教师资源平衡问题。要强化师德师风建设，培养高素质教师队伍，营造全社会尊师重教的良好氛围。要加强学校班子建设，用先进的教育教学理念，带动形成优良校风、教风和学风。要注重对教师的关怀，及时帮助教师解决思想、工作和生活中遇到的各种难题，促进教师愉快工作、幸福生活。要重视学校党建工作，进一步加强学校党支部建设，充分发挥基层党组织的战斗堡垒作用和党员的先锋模范作用，助推全区教育事业蓬勃发展。
139,区委常委、组织部长林坤到火炬街道调研,2018-01-22,2018-01-22,牡丹江-西安日报,https://www.mdjxa.gov.cn//index.php?c=article&id=18746,1月19日，区委常委、组织部长林坤到火炬街道调研“两新”党建工作。区委“两新“工委及各街道党工委相关同志参加调研。　　林坤首先来到了福寿阁养老服务中心党支部，参观了党员活动室、会议室等，听取了福寿阁养老服务中心党支部的党建工作汇报；随后来到了养怡老年休养中心，详细询问了党支部的相关情况，与老党员们亲切交谈，老党员们纷纷表示“两新”党组织使他们无时无刻都能感受到党的关怀。　　林坤对火炬街道“两新”党建工作给予了充分肯定，并对如何更好地做好“两新”党建工作提出了指导性建议。　　林坤指出，“两新”党建要将企业文化与党建思想深度融合，突出企业党建特色；要立足服务，提高“两新”党员宗旨意识，不断的发挥“两新”党组织战斗堡垒作用；要以示范点建设为契机，整合资源，整体规划，分步实施，坚持做到慢规划，快实施，做细做实做出特色亮点。
140,西安区举办2018年街道办事处、社区综合业务培训,2018-01-22,2018-01-22,牡丹江-西安日报,https://www.mdjxa.gov.cn//index.php?c=article&id=18743,为进一步加强全区基层社会治理和服务创新，使全区街道、社区工作者更加熟知和胜任本职工作，增强为广大居民服务的本领，提高综合素质能力，更好地适应新形势下基层社会治理和服务需求，推动基层社会治理和服务水平全面提高，促进我区经济和社会事业健康、协调发展。按照区委、区政府工作部署，2018年1月19日-20日，西安区社区建设领导小组组织开展了街道、社区综合业务培训。区委副书记张海峰，区人大常委会副主任赵伟，副区长李新梁参加培训开幕式。　　会上，授课教师对基层党的建设、文化建设、廉政建设、社区治理服务创新、物业管理、财务管理等业务进行深入讲解。　　会议指出，近年来，西安区立足大牡丹江建设发展格局，经济社会实现跨越发展，社区建设迎来崭新面貌，基础设施不断完善，各项功能不断深化，社会治理和服务群众水平不断提高。但是还应清醒认识到，面向新时代社区建设的目标要求，我们还存在许多实实在在的问题和不足。街道和社区干部在服务群众、凝聚社会等方面的作用还不突出，干部队伍政治思想素质、业务能力，包括处理化解基层矛盾的水平还有待提高。需要不断适应经济社会发展的新形势、新情况，需要不断加强学习，拓展思路，更新观念。要学会运用现代媒介，多渠道学习知识，获取信息，提高自身的学习能力；要学会研究政策，懂得政策的导向，争取政策的支持；要学会思考形势，思想要能跟上形势，要善于结合本职工作的现状去思考当前的形势，找准方向和突破口，掌握工作主动权。　　会议强调，全体街道、社区干部能以这次培训为契机，在自身能力素质上有新的提高，在服务居民群众上有新的思路，在社区治理和服务创新工作上有新的作为。通过此次培训，使全区街道、社区工作者进一步明确了党的方针政策和社会发展的大方向，促进了在实际工作中自觉提高业务素质，恪守职业道德，使自身的发展与社会的发展协调一致。
138,区委副书记、区长栾娟到先锋医院和沿江卫生院调研,2018-01-23,2018-01-23,牡丹江-西安日报,https://www.mdjxa.gov.cn//index.php?c=article&id=18749,、 　　1月23日，区委副书记、区长栾娟到先锋医院和沿江卫生院开展实地调研，副区长戴冠宇及区卫计局相关同志参加调研。　　栾娟详细听取了先锋医院和沿江卫生院相关负责同志对医院发展建设情况的汇报，对医院开展特色诊疗、实行绩效管理等做法给予了充分肯定，并就院址搬迁、引进战略合作者、改善办院条件等方面问题进行了深入交流。　　就做好当前和今后一个时期的医疗卫生事业工作，栾娟指出，先锋医院和沿江卫生院作为区属公立医疗机构，要立足实际，解放思想，进一步理清发展思路，创造性地开展工作；要科学规范管理，不断完善机制体制建设，积极引进高素质的医疗人才；要注重服务细节，为广大患者提供更加舒适、便捷的医疗服务，不断提升患者就医满意度；要加强作风建设，强化医务人员的职业道德教育，树立医院良好形象，为西安区卫生事业实现持续健康发展做出新的更大贡献。　　调研过程中，栾娟还对身处医疗卫生服务一线的干部职工表达了深切的关心和慰问。同时强调，新春佳节临近，要切实增强安全意识，全面落实安全职责，全力做好节日期间的安全工作。
135,市体育局和西安区人民政府联合主办牡丹江市第二届“健康雪城”冬季运动会暨2018年大众...,2018-01-31,2018-01-31,牡丹江-西安日报,https://www.mdjxa.gov.cn//index.php?c=article&id=18801,由市体育局和西安区人民政府联合主办的牡丹江市第二届“健康雪城”冬季运动会暨2018年大众滑雪比赛近日在牡丹峰滑雪场开赛。此次活动是由西安区教育文化体育局和牡丹峰滑雪场联合承办。市体育局副局长江欣，副区长李新梁，牡丹峰滑雪场董事长刘世杰出席活动。　　活动中，李新梁为开幕式致辞。　　本次活动以冰雪文化为引领、冰雪活动为主线、冰雪精神为传承”的全新“全民健身模式”，将冰雪体育赛事和全民健身文化活动相结合，满足不同群体参与冰雪运动健身的需求，体验冰雪运动带来的快乐，夯实冰雪运动的群众基础，提高我区冰雪运动的普及率和影响力。　　通过此次活动，希望更多的人能够来参与冰雪活动，感受冬季运动的独特魅力，从而在寒冷的冬季飘荡起一股全民健身的热潮！
136,西安区举办食品安全事故应急演练现场观摩会,2018-01-31,2018-01-31,牡丹江-西安日报,https://www.mdjxa.gov.cn//index.php?c=article&id=18800,1月24日，由市食安办、市食药局主办，西安区食安办、西安区市场监督管理局承办的“牡丹江市食品安全事故应急演练现场观摩会”在龙港酒店举行。市食药局局长张君起，区委常委、常务副区长孙传宝出席活动。各县、市、区市场监督管理局主管食品安全的副局长及相关人员参加活动。　　此次演练现场模拟西安区某酒店发生了疑似食物中毒事故，西安区食安办、区市场监督管理局接到报告后开展的一系列应急处置工作。通过主持人叙述，画面配旁白，时空连线等多种形式配合室内实景演示等方式，全面展示了食品安全事故的发生、报告、指挥协调、患者救治、事件调查、现场检查、应急检测、后期处置、新闻发布等环节，整个过程环环相扣、步步相连，在场的各县市区领导和同事全程认真观摩。 　　在食品应急演练后，市食安办副主任陈荣罡对西安区食安办、区市场监督管理局扎实的准备、生动的表演给予高度评价，指出此次演练立足实战情景真实、组织得力协调有序，针对性和示范性都很强，对于提升全市处置食品安全突发事件的实战能力有十分重要的意义。观摩的各县市区同事也纷纷表示，此次食品应急演练对于开展食品应急工作启发很大，从中受益良多。　　下一步，西安区市场监督管理局将以此次应急演练为契机，深入贯彻落实党的十九大精神，积极推进食品安全战略实施，坚持体系建设与能力建设同步推进，应急管理与日常监管紧密结合，全面提高食品药品安全突发事件防范应对能力，为维护广大人民群众“舌尖上”的安全提供坚强保障。
137,西安区委班子召开2017年度民主生活会,2018-01-31,2018-01-31,牡丹江-西安日报,https://www.mdjxa.gov.cn//index.php?c=article&id=18798,按照市委统一安排部署，1月30日上午，2017年度区委班子民主生活会在区政府六楼多功能会议室召开。会议以“认真学习领会习近平新时代中国特色社会主义思想，坚定维护以习近平同志为核心的党中央权威和集中统一领导，全面贯彻落实党的十九大各项决策部署”为主题，按照中央提出的“六个方面”要求，紧密结合领导班子和领导干部个人实际，深入查找突出问题，严肃开展批评和自我批评，切实抓好落实整改。区委书记宋景东主持会议并作总结讲话，牡丹江市委第八督导组组长林永平一行到会指导，区政协主席梁忠仁列席会议。会上，宋景东代表区委常委班子作对照检查。区委常委逐一进行对照检查，作自我批评。班子成员之间开展相互批评。牡丹江市委第八督导组组长林永平对民主生活会进行了点评。宋景东在总结讲话时指出，大家的发言紧扣主题、联系实际、体会真切，反映了学习成效；自我剖析深刻，查摆问题严格；相互批评开诚布公、态度诚恳，大家都受到了一次严格的党内政治生活锻炼。这次民主生活会严肃认真，达到了统一思想、明确方向、凝聚力量的目的。会后，要按照督导组要求，认真梳理归纳个人整改问题，细化整改措施，制定整改清单，确保逐项整改落实到位。 宋景东强调，要坚定信念抓看齐。各位常委同志要牢固树立“向中央看齐意识”，自觉在思想上政治上行动上与党中央保持高度一致，将“向中央看齐”作为自己的思想行为自觉，时时处处对照自己的一言一行，坚决做到令必行、禁必止、言必信、行必果；要立规执纪抓成效。要严格党内政治生活制度，通过加强对处级领导干部的立规执纪，形成“头雁效应”，尤其是围绕查摆出的区委班子和班子成员在工作作风中存在的突出问题和新表现，制定完善并严格执行有关规章制度，切实形成以上率下、严格执纪的氛围；要从严从实抓自律。要带头恪守党的政治规矩和政治纪律，严格按照规矩纪律办事，在强班子、带队伍、作决策等方面，讲规矩、讲程序，不变通、不走样，作“政治上的明白人”；要建立清单抓整改。区委班子和班子成员，进一步聚焦新确定的问题清单，逐项明确整改落实责任，细化整改措施，明确完成时限及完成标准。要按照既定的各项目标任务，扎实有序做好各项工作，在加快发展和改善民生上做出新的成绩。
134,西安区召开2017年度党（工）委、党组书记抓基层党建述职评议会议,2018-02-02,2018-02-02,牡丹江-西安日报,https://www.mdjxa.gov.cn//index.php?c=article&id=18830,"2月1日上午，西安区2017年度党（工）委、党组书记抓基层党建述职评议会议在区政府六楼多功能会议室召开。区委书记宋景东主持会议。区委常委、区委党建工作领导小组成员单位负责人、部分基层党员干部代表、部分“两代表一委员”参加了会议。市委组织部第三督导组成员、组织员办公室副主任高原到会指导。　　会上，区乡镇、街道党（工）委书记和部分区直机关党组书记围绕抓党建工作取得的成效、存在的不足和下一步努力方向逐一进行了述职，区委常委分别对其作出了点评，同时，对述职情况开展了民主测评。　　高原代表督导组对各述职人员的述职情况作集中点评。她指出，各乡镇、街道党（工）委书记和区直机关党组书记能够带头落实党建第一责任人的责任，推动党建工作提升取得了明显效果，较好的完成了各项党建工作任务。　　宋景东作总结发言，他指出，要按照新时代党建工作的总要求，更加关注基层党建工作,以提升组织力为重点,着力增强基层党支部组织群众、宣传群众、凝聚群众、服务群众的能力,努力把基层党组织建设成为宣传党的主张、贯彻党的决定、领导基层治理、团结动员群众、推动改革发展的坚强战斗堡垒。　　宋景东强调，必须坚持政治担当。把抓好党建作为最大的政绩，更要有在党为党、在党言党的角色意识和政治担当。对思想上不重视、工作上不研究、不真抓不实干、不解决实际问题的坚决限期整改，情况严重的要严肃问责，绝不客气；必须坚持问题导向。通过述职评议，各位书记交流了经验、传导了压力，更看到了问题和不足。为此，要进一步树立问题导向，切实增强抓基层党建工作的责任感和紧迫感，存在什么问题就解决什么问题，真正把基层党建工作抓到底，管到位；必须坚持全面从严治党。各级党组织书记要带头履行“一岗双责”，抓实党风廉政建设。大家要带头将“两条例一准则”作为基本遵循，做到管好自己的同时，管好班子、带好队伍，严守政治规矩，严守纪律“红线”，既要履行好岗位工作职责，又要把党风廉政建设工作管到底、抓到位，坚决做到不越“红线”半步。"
133,西安区政府党组召开2017年度民主生活会,2018-02-07,2018-02-07,牡丹江-西安日报,https://www.mdjxa.gov.cn//index.php?c=article&id=18851,近日，西安区政府党组召开2017年度民主生活会，联系班子和个人实际，查找突出问题，深刻分析原因，认真开展批评与自我批评。区委副书记、区长栾娟主持会议并作总结讲话。区委常委、常务副区长孙传宝，副区长李新梁、戴冠宇参加会议。　　会上，孙传宝代表区政府党组作对照检查，对存在的主要问题、问题产生的原因进行了剖析，并提出了下一步努力方向和改进措施。栾娟带头作个人对照检查，进行自我批评，主动接受其他班子成员的批评意见。班子成员依次作了自我批评，其他班子成员逐一提出批评意见。大家在发言中态度中肯、意见坦诚，既认真剖析原因，又深刻认识问题，敢于批评与自我批评，整改方向明确，整改措施精准，既有前瞻性、可操作性，又符合区情发展实际，达到了预期效果。　　栾娟要求，在今后工作中要加强理论学习，深入学习党的十九大报告和习近平总书记系列重要讲话精神，不断增强“四个意识”、坚定“四个自信”，用思想武装头脑，用实践指导工作，将上级决策部署贯穿工作始终；要强化自身本领，通过不断学习探讨、自我批评、整改落实，进一步强化政治领导本领、依法执政本领、带班子队伍本领，提高统筹驾驭能力和专业化水平；要改进工作作风，按照中央八项规定和十条禁令要求，创新工作理念，转变工作方法，完善工作机制，减少“四风”问题产生，坚定不移打好优化发展环境攻坚战。
130,区委副书记、区长栾娟检查节前安全生产工作,2018-02-11,2018-02-11,牡丹江-西安日报,https://www.mdjxa.gov.cn//index.php?c=article&id=18879,2月11日上午，区委副书记、区长栾娟带领相关部门负责同志到辖区酒店、养老机构等单位检查春节前安全生产工作。　　栾娟首先来到丹江假日酒店，详细查看消防设施设备、应急疏散预案等情况，要求结合企业实际，进一步细化相关方案，明确职责，加强值守，确保节日期间安全运行。在牡丹江民政养老中心，栾娟重点查看了中心的消防安全指挥室、微型消防站、应急疏散通道、食品供应等情况。要求相关单位要始终牢记安全无小事，切实加强安全管理和员工安全教育培训，确保安全生产工作思想到位、措施到位、落实到位。同时，要加强食品安全监管，保障群众“舌尖上的安全”。　　栾娟强调，各单位、各部门要高度重视安全生产工作，认真落实安全生产责任，加强安全管理和服务保障，确保广大人民群众过上一个幸福、祥和、安全的春节。
131,区委常委、常务副区长孙传宝带队进行节前安全检查,2018-02-11,2018-02-11,牡丹江-西安日报,https://www.mdjxa.gov.cn//index.php?c=article&id=18862,"2月9日，区委常委、常务副区长孙传宝带领区安监局、区市场监管局相关负责同志开展了春节前安全专项检查。　　检查组首先实地查看了啤酒花园酒店的后厨情况，强调餐饮单位要高度重视食品安全工作，确保节日期间餐饮安全。　　接着，检查组对华隆西市场、大润发超市的食品安全保障情况进行了检查，重点查验了内部环境卫生、进货发票及食品经营许可证，询问了肉、油和蔬菜的可追溯情况。最后，检查组查看了养怡养老中心、客运站的电梯运行、应急演练和维保等情况，详细询问了电梯使用单位落实特种设备安全主体责任的具体措施和做法，叮嘱相关单位负责人要保证安全责任落实到人，设备安全狠抓不放松，特别是养老院内都是老年人、弱势群体，食品安全和特种设备运行安全更是头等大事。　　孙传宝要求，两家企业的负责人，作为辖区内较大的食品经营企业，一定要把好食品的来源关，要做到每一批食品都可追根溯源，老百姓购买的食物安全放心，担负起食品安全的主体责任,特别是华隆西市场上宅下商的特殊性，更要把消防安全放在首位，注重对商户的宣传引导，时刻紧绷安全管理这根弦。　　孙传宝强调，新春佳节即将来临，相关监管部门一定要加强监管频次，加大监管力度，做好节日市场保障和食品安全工作，加强特种设备监督管理，打造一个环境平安、交易平安、秩序平安的和谐节日环境，让群众过一个欢乐祥和的新春佳节。　　同时，检查组还对辖区冷库、加油站等危化行业进行了安全专项检查。"
132,区委书记宋景东走访慰问离退休老干部和贫困残疾人,2018-02-11,2018-02-11,牡丹江-西安日报,https://www.mdjxa.gov.cn//index.php?c=article&id=18861,2月8日，区委书记宋景东走访慰问了离退休老干部和贫困残疾人，送上了慰问金和节日的祝福，要求相关部门在春节期间为城乡居民做好各项服务保障工作，尤其要多关心困难群众和残疾人的生活，帮助他们解决实际问题，让全区人民过一个欢乐祥和的新春佳节。　　在走访慰问离退休老干部时，宋景东关心地询问了他们的身体情况和生活情况，感谢老干部为西安区发展打下的坚实基础和多年来对区委、区政府的关心与支持，并向老干部介绍了西安区近年来经济社会发展情况，征求了老干部对区委、区政府工作的意见和建议，希望他们继续发挥余热，多指点、多监督、多批评、多谋良策，促使区委更加扎实推进区域经济社会发展，更好地为全区人民服务。老干部们表示，对区委、区政府满怀信任，对西安区的发展充满信心。　　在走访慰问贫困残疾人时，宋景东与慰问对象亲切交谈，仔细询问生活情况、健康状况，深入了解实际困难，并送上节日的问候。走访慰问期间，宋景东要求有关部门要时刻将残疾人的冷暖放在心上，落实好相关政策和帮扶措施，真情帮扶、精准帮扶、长效帮扶，使残疾人切实感受到党组织的关怀和温暖。
129,区委组织部节后迅速收心凝神研究工作,2018-02-23,2018-02-23,牡丹江-西安日报,https://www.mdjxa.gov.cn//index.php?c=article&id=18886,2月22日，区委组织部召开专题会议，研究部署2018年各项组织工作。区委常委、组织部长林坤出席会议并讲话。区委组织部常务副部长李鑫伟主持会议，全体组织部干部参加会议。　　会上，全体组工干部结合春节期间自学党的十九大报告精神和全国、全省组织工作会议精神的相关内容，结合各自工作实际，汇报了2018年的工作计划。同时，参会人员针对如何更好的开展组织工作进行了集中讨论。　　林坤在总结讲话中指出，全体组工干部要认真学习党的十九大报告精神以及全国、全省组织工作会议精神，凝聚思想共识，查找工作不足，共同研究制定2018年工作思路及措施。　　林坤强调，全体干部要及时调整状态，全身心投入到工作中来；要继续坚持好部内学习、各项支部活动、组工干部大讲堂等工作和学习交流制度，严守工作纪律等作风建设要求；要坚守严格严谨的工作作风，对经手的每一项工作都要“精耕细作”、做实做好。
128,中共西安区委召开十届十七次常委（扩大）会议,2018-02-24,2018-02-24,牡丹江-西安日报,https://www.mdjxa.gov.cn//index.php?c=article&id=18889,2月24日上午，中共西安区委十届十七次常委（扩大）会议在六楼多功能会议室召开。会议由区委书记宋景东主持。区现职副处级以上领导，区直各部门负责人，乡（镇）、街道办事处党政主要领导参加会议。　　会上，区委副书记张海峰传达了全省深化机关作风整顿优化营商环境会议精神，传达了《2018年全省深化机关作风整顿优化营商环境实施方案》。　　会议强调，全区上下要深入贯彻落实党的十九大精神和习近平总书记对我省两次重要讲话精神，凝心聚力，振奋精神，把改进作风作为推动振兴发展的重要保障，在建设现代化西安区的实践中，树立新作风，展示新形象，实现新作为。　　会议强调，优化营商环境就是提升竞争力，营商环境的改善不能走过场，搞形式主义，全区各单位要突出问题导向，开展专项整治，树立典型、弘扬正气，提升服务工作质量和效能，着力解决企业反响强烈、群众反映集中、社会普遍关注的作风问题，坚决查处侵害群众利益、损害党和政府形象、破坏发展环境的人和事，推进机关作风持续好转、营商环境明显改善，进一步激发市场活力，打好打赢优化环境攻坚战。　　会议要求，全区各级党组织要认真学习传达省委书记张庆伟在全省深化机关作风整顿优化营商环境会议上的重要讲话精神，切实把思想和行动统一到会议要求上来，按照省、市委的决策部署，加强组织领导，把作风整顿作为一把手工程，迅速掀起优化营商环境的热潮，并不断向纵深推进，形成心无旁骛干事业、驰而不息抓落实的浓厚氛围。
127,西安区召开全国社区治理和服务创新实验区工作推进会,2018-03-01,2018-03-01,牡丹江-西安日报,https://www.mdjxa.gov.cn//index.php?c=article&id=18898,2月28日，西安区全国社区治理和服务创新实验区工作推进会在火炬街道三楼多功能室召开。会议由区人大常委会副主任赵伟主持，区人大常委会科教文卫办公室、区民政局相关负责同志及各办事处、社区负责人员参会。　　会议指出，社区治理和服务创新实验区工作，要统一思想，提高认识，要分工明确，责任到人，要解放思想，大胆创新。　　会议强调，要进一步落实社区民主协商工作；要加快社区社会组织发展；要做好社区工作者的培训工作；要加强“三社”联动工作建设，要联的上，动得起来；要做好实验区宣传发动工作及推进会工作并按社区治理和服务创新实验区方案全面推进此项工作。
126,西安区元宵节秧歌展演在八女投江广场举行,2018-03-02,2018-03-02,牡丹江-西安日报,https://www.mdjxa.gov.cn//index.php?c=article&id=18902,走进新时代、踏上新征程，3月2日，西安区春节系列群众文化活动元宵秧歌展演，在八女投江广场举行。副区长李新梁出席活动。来自乡镇和街道办事处的4支队伍300余人参加活动。　　展演团队以主题鲜明的现代秧歌、威风锣鼓、花棍舞和腰鼓表演等为全区老百姓献上了一场迎春送福欢乐祥和的文化盛宴。　　新时代展现新气象，新征程抖擞新精神。西安区2018年春节期间系列群众文化活动，本着政府搭台，群众唱戏，文化惠民的原则，以宣传贯彻党的十九大精神为主题，通过送文化进社区、进村屯、送春联以及秧歌汇演等一系列群众文化活动，更好地彰显全区文化底蕴，弘扬民间文化艺术，展示全区经济社会发展成果，繁荣群众精神文化生活，用文明、健康、丰富多彩的文化活动占领城乡文化阵地，营造积极向上、欢乐祥和的节日文化氛围。
124,交纳6万多党费，中组部托人给她送收据,2018-03-06,2018-03-06,牡丹江-西安日报,https://www.mdjxa.gov.cn//index.php?c=article&id=18910,八旬老党员不忘党恩，于去年12月20日向党组织交纳了一笔6万多元的“特殊党费”，表达一位共产党员对党的热爱之情。3月2日，在西安区“两新”工委副书记韩枫带领下，先锋街道党工委、西三社区党委、二院党委的同志，代表党组织一起看望了老党员王俊娟，表达了党组织对她的敬意，并当面向她转交了中共中央组织部开具的党费收据，老人家接过党费收据的时刻，激动之情溢于言表。两次交纳“特殊党费”3月2日，西安区“两新”工委副书记韩枫、先锋街道党工委副书记王宝柱、西三社区党委书记宁秋杰、二院副院长李富强一起来到向党组织交纳6万零6元“特殊党费”的王俊娟老人家，将中共中央组织部寄来的这笔党费收据转交到老人家的手中。“这是中组部给您开具的两张党费收据，一张是5万元，一张是1万零6元。”西安区委组织部“两新”工委书记韩枫把中组部寄来的这笔党费收据递到了王俊娟老人的手中。接过党费收据的王俊娟老人，激动之情溢于言表，在一旁的家人说：“昨天听说这事儿后，就激动得一宿也没睡好。”据了解，今年87岁的王俊娟老人于1959年入党。党的十九大召开后，王俊娟闻讯后十分高兴，80多岁的她亲手抄写了《中国共产党章程》，还主动找到二院和社区党组织，一次性向党组织缴纳“特殊党费”6万多元，以此表达对党的热爱之情。王俊娟老人说：“我多年接受党的教育和培养，现在这么好的生活都是党给的，不管什么时候，我都忘不了党的宗旨和党员应尽的责任。”王俊娟老人还告诉记者，自己有一个姑娘和三个儿子，包括孙辈们都是党员。“我要给孩子们做个榜样！”西三社区党委书记宁秋杰说，王俊娟老人已经不是第一次捐“特殊党费”了。2008年，汶川地震的时候，老人家也向党组织一次性捐了6万元。省吃俭用报党恩其实，老人每个月的退休金刚刚涨到了3000多元，平时的生活也很节俭。王俊娟老人说，自己的退休金中，除了自己的生活所用外，再除去给孙辈们上大学时候每人给的1000元，结婚时每人给的2000元外，其他的就都攒着，这次捐的6万多元就是自从上次捐款之后一直攒下的钱。王俊娟老人说：“在党的领导下，国家越来越强大。没有党就没有我的一切，也没有我们大家今天的幸福生活。十九大胜利召开后，我心里激动、高兴，虽然我老了，但还想为党做些力所能及的事情。交纳特殊党费，就是要表达我对党的热爱之情，向党的十九大献礼。 ”3月2日，当王俊娟老人收到中共中央组织部开具的党费收据后表示，就是想通过这样的方式，感谢党的恩情。实现了自己的愿望，心里特别高兴。
125,弘扬雷锋精神，建设美好城区,2018-03-06,2018-03-06,牡丹江-西安日报,https://www.mdjxa.gov.cn//index.php?c=article&id=18909,为进一步弘扬雷锋精神，倡导“学习雷锋，奉献他人，提升自己”的志愿服务理念，促进志愿者日常管理制度化、规范化建设，提高全区志愿服务活动效果和影响力，西安区文明办积极组织，以“弘扬雷锋精神，建设美好城区”为主题，在全区范围内广泛开展志愿服务活动。　　　　团区委组织20多名志愿者在元宵节来到牡丹江市新乐园老年养护中心，为这里的一百余位老人送去节日祝福和慰问品。志愿者们热心的与老人谈心聊天，询问老人们的身体状况和生活状况，并和老人们一起包饺子庆祝节日。　　温春镇西苑村党支部党员志愿者进行了以 “友爱互助 暖心龙江”为主题的义务扫雪活动。党员志愿服务队分工明确，清理积雪很迅速，最后将积雪清理干净。严寒暴雪挡不住志愿者的热情，哪里有需要哪里就有志愿者的身影。　　牡丹街道立新社区党委组织辖区青少年志愿者开展“学雷锋 献爱心”志愿服务活动。活动中，小志愿者们慰问了困难党员，用他们自己的压岁钱买了米、面、油和水果等慰问品送给了老人，并和老人聊天，给老人读报，暖心的祝福，真切的行动，让老人感动不已。　　先锋小学组织全校学生进行学唱一首雷锋歌曲，畅谈新学期怎样做一名雷锋式的少先队员的活动；利用“红领巾广播站”向全校同学进行了雷锋的人物介绍和他的光荣事迹。希望学生能够将“雷锋精神”传承下去，弘扬雷锋为人民服务、无私奉献的精神。 　　江滨街道西苑社区组织志愿者到博爱敬老院开展了以“浓浓敬老情 饺子暖人心”的包饺子活动，给老人们送去节日的祝福和暖心的问候。让博爱敬老院的老人们感受到了元宵佳节的喜庆氛围，感受到了来自社区的温暖。　　水泥街道道南社区组织开展《健康听力 幸福人生——关注老年人听力健康》为主题健康服务活动。请来了耳鼻喉专家志愿者在此义务讲解，详细为中老年人进行了听力及爱耳相关的知识普及，传授预防耳部疾病的知识。　　先锋街道邮政社区党委组织七彩虹志愿者团队借助“雷锋月”这一有利契机，积极行动起来，与辖区内的高龄老人结对帮扶，志愿者们帮老人打扫客厅、厨房、厕所等卫生死角，陪她话家常，老人笑得合不拢嘴，大家的笑声充满了整个房间。
123,西安区开展庆“三八”妇女节系列活动,2018-03-09,2018-03-09,牡丹江-西安日报,https://www.mdjxa.gov.cn//index.php?c=article&id=18912,“三八”妇女节，是全世界妇女共同的节日。在这个特别的日子里，西安区开展庆“三八”妇女节系列活动，让全区女性同胞共享节日喜悦，进一步凝聚妇女力量，调动广大女性干事创业的积极性、主动性和创造性，促进社会和谐发展，在全区范围内营造尊重女性、关爱女性的浓重氛围。　　温春镇各村积极组织开展庆三八文艺演出活动，女性同胞们兴高采烈观看并参与了演出，共同庆祝自己的节日。一个个欢快的舞蹈，一个个精彩的节目都博得了观众一阵阵热烈的掌声，使得现场气氛极其热烈。演出内容丰富、形式多样、题材新颖，风格独特，都在歌颂党的好政策，赞美新时代美好生活。　　火炬街道利民社区妇联携手社区共青团、工会共同组织社区工作人员、志愿者代表参加 “庆三八节 赞美母亲”诗歌朗诵活动。活动中，朗诵者充分表现出对美好生活的祝愿和热情，展现了新时期妇女同胞健康、开朗、积极向上的生活态度和精神风貌，赢得了台下观众的阵阵掌声，其中社区工作人员声情并茂的《再别康桥》更是把整场活动的气氛推向了高潮。　　牡丹街道西四社区党总支联合“两新”组织侨昇外国语学校开展了“美丽携手与‘两新’同行，趣味女人节”活动。开展了手工花朵制作、车轮滚滚、指托齐眉棍等多种趣味项目。大家彼此默契配合，秀出美丽风采，一个个精彩的游戏项目让活动现场气氛热烈而紧张，快乐而有趣。　　牡丹街道东丹社区组织开展“快乐晚年，幸福生活”三八妇女节联欢活动。活动中，社区向阿妈妮们送去节日的祝福；对优秀的阿妈妮们进行表彰；阿妈妮们身着艳丽的朝鲜民族传统服装，用富有特色的民族舞蹈，展现出了乐观向上的精神风貌。 　　水泥街道道北社区对辖区内二户失独家庭开展走访慰问活动，社区计生工作人员不仅送去了慰问品，还与她们亲切交谈，了解了生活健康情况，进行了亲情关爱、心理疏导，让他们积极乐观的面对困难。　　水泥街道道南社区组织开展关爱妇女专题交流会，邀请妇女同胞及其家属共同参加。通过交流与沟通，普法学习，进一步促进家庭和谐，取得良好的社会效果。大家一同学习了《婚姻法》、《妇女权益保护法》、《反家暴法》等法律知识；并就一些社区妇女在生活中遇到的法律困惑进行探讨，增强遵纪守法、依法维护权益的意识和能力。
122,市委书记马志勇到西安区调研,2018-03-13,2018-03-13,牡丹江-西安日报,https://www.mdjxa.gov.cn//index.php?c=article&id=18915,3月9日，市委书记马志勇就城区产业发展和社区建设到西安区实地调研，先后走访了火炬街道利民社区、万达广场、富通空调、互联网产业中心。区委书记宋景东，区委副书记、区长栾娟陪同。　　马志勇首先来到利民社区，详细了解社区基础设施、活动开展、志愿者队伍建设、居家养老服务等情况，叮嘱社区要充分发挥在职党员作用，进一步简化办事流程，完善信息平台建设，全心全意为群众排忧解难，成为党委政府联系群众的桥梁和纽带。在富通空调装配车间，看产品、听介绍，询问技术研发、产品营销、经济效益等情况，希望企业继续发挥科技创新优势，进一步扩大市场，带动相关产业聚集发展，为地方经济增长多做贡献。同时表示，市委、市政府将一如既往支持企业发展，切实帮助企业解决实际问题。　　调研中，马志勇对西安区致力于推动高质量发展，探索推进新经济、新产业、新模式、新业态而谋划打造的互联网专业化产业园区给予充分肯定。他强调，要充分挖掘互联网大数据潜力，不断创新经营模式，积极推进“互联网+”产业发展，促进互联网、大数据、人工智能与实体经济深度融合，在拉动本地青年创业就业，增加收入、促进消费等方面发挥重要作用。　　马志勇强调，要深入贯彻落实习近平新时代中国特色社会主义思想，特别是对我省两次重要讲话精神，解放思想、深化改革，在巩固传统产业基础上发挥城区优势发展现代商贸服务业，挖掘和培育文化产业、“互联网+”等新增领域。要坚持以人民为中心的发展思想，充分发挥基层党组织战斗堡垒和党员先锋模范作用，加强社区建设，提高服务水平，办好民生实事，不断满足人民群众日益增长的美好生活需要。
120,西安区召开2018年度教育文化体育工作会议,2018-03-14,2018-03-14,牡丹江-西安日报,https://www.mdjxa.gov.cn//index.php?c=article&id=18919,3月12日，西安区2018年度教育文化体育工作会议在区政府后七楼会议室召开。副区长李新梁出席会议并讲话。区教育文体局领导班子、全体机关干部，区属学校、幼儿园主要负责人、全体中层干部，民办学校幼儿园负责人、文化体育相关单位代表参加会议。　　会上，平安小学、火炬小学、先锋小学和江山教育集团分别做了典型经验介绍；全体与会人员观看了国检专题片，总结成绩，振奋士气；区教育文体局党委书记、局长柳青杨分析了当前教育改革发展形势，部署了2018年全区教育重点工作；区属学校幼儿园、民办教育机构、文化体育场所责任人与区教育文体局签订安全工作责任状、党风廉政建设责任书。　　李新梁在讲话中指出，2018年是全面落实贯彻党的十九大精神的开局之年，要以党的十九大精神统领全区教育文化体育工作全局，努力把习近平新时代中国特色社会主义思想转化为优先发展教育事业的生动实践；要认清形势，增强做好教育文化体育工作的责任感；要明确任务，把狠抓各项工作的落实发展作为第一要务；要强化措施，开创全区教育文化体育事业新局面，办有温度、有灵魂、有激情的教育。　　会议最后，全区微型党课比赛优胜者代表温春中心校孙丽老师、西牡丹小学王艳老师、江滨小学楚丽丽老师做师德报告，她们用朴实的语言讲述了身边老师平凡的故事，诠释了西安区教育人“敢较劲、肯钻研、争上游、讲奉献”的精神，激励西安区教育人鼓足干劲，勇于担当，砥砺奋进，再创西安区教育新篇章。
121,中共西安区第十届纪律检查委员会第三次全体（扩大）会议召开,2018-03-14,2018-03-14,牡丹江-西安日报,https://www.mdjxa.gov.cn//index.php?c=article&id=18918,3月13日，中共西安区第十届纪律检查委员会第三次全体（扩大）会议召开。会议主要任务是深入贯彻习近平新时代中国特色社会主义思想，全面落实十九届中央纪委二次全会和省市纪委全会精神，总结2017年全区党风廉政建设和反腐败工作，安排部署2018年党风廉政建设和反腐败工作。区委书记宋景东出席会议并强调，要提高政治站位，坚持问题导向，聚焦目标任务，强化履职担当，推进全面从严治党向纵深发展。区委常委、纪委书记、监察委主任冯慧杰主持会议并作工作报告。全区处级领导，各部门主要领导，乡镇办事处、学校、基层站所、村社区书记，共计186人参加会议。 会议强调，2018年要重点做好五项工作：一是在强化党的政治建设上履职尽责，全面贯彻落实党的十九大战略部署，严肃党内政治生活，严明政治纪律和政治规矩；二是在营造良好政治生态上履职尽责，打好政治生态“预防针”，敲好政治生态“警世钟”，当好政治生态“护林员”，用好政治生态“导航仪”；三是在深化体制机制改革上履职尽责，持续深化监察体制改革，深入开展巡察工作；四是在持续改进作风上履职尽责，巩固拓展落实中央八项规定精神成果，密切关注“四风”问题新表象新动向，持续改作风优环境；五是在巩固发展反腐败斗争压倒性态势上履职尽责，持续释放反腐高压信号，在执纪为民上精准发力，提升“不能腐”制度体系的落实成效。会议要求，要按照全市纪检监察机关自身建设的要求，确定2018年为区纪检监察机关“素质提升年”，深入开展“三铁”活动，积极推进“四化”建设，着力打造“五个过硬”队伍，全面加强纪检监察机关自身建设。会议号召，要以习近平新时代中国特色社会主义思想为指导，在市纪委和区委的坚强领导下，不忘初心、牢记使命、履职尽责，以永远在路上的执着把全面从严治党引向深入，为西安区现代化建设新征程提供强有力的政治保障。
119,西安区召开全国实验区联席工作会议,2018-03-15,2018-03-15,牡丹江-西安日报,https://www.mdjxa.gov.cn//index.php?c=article&id=18922,3月13日，西安区召开全国实验区联席工作会议。区人大常委会副主任赵伟出席会议。副区长戴冠宇主持会议。区科教文卫办公室、团区委、妇联、残联、区民政局主要负责人及街道办事处书记参加会议。会议总结了实验区创建以来取得的成果，并对今年工作安排提出了要求。会议指出，实验区工作是国家推进基层社会治理工作的排头兵，能够成为第三批全国实验区是西安区的骄傲和自豪，更是鼓励和鞭策，各部门要结合实际，充分协作、聚合发力，总结提升形成经验成果，高质量完成实验区创建各项工作任务，开创新时代西安区基层社会治理服务新局面。
118,七台河市副市长杨子义到火炬街道调研参观,2018-03-23,2018-03-23,牡丹江-西安日报,https://www.mdjxa.gov.cn//index.php?c=article&id=18940,3月22日，七台河市副市长杨子义到火炬街道调研参观。市民政局局长孙玉华、副局长崔刚陪同。　　火炬街道党工委书记韩玲为调研组介绍了办事处和利民社区基础设施情况、党建品牌、文化阵地建设、社区治理与服务创新及智慧社区建设；实地查看了社区各功能室，详细了解了福寿阁养老服务中心的经营理念、运营情况、居家养老服务的开展情况。　　杨子义对火炬街道积极创新服务形式和内容的工作做法给予了高度评价，并表示我市的宝贵经验值得学习和借鉴。通过此次调研，建立工作联系互通有无，共同推动社区治理和服务创新工作打开新局面、提升新高度、取得新突破。
117,区人武部到先锋街道调研,2018-03-29,2018-03-29,牡丹江-西安日报,https://www.mdjxa.gov.cn//index.php?c=article&id=18958,3月28日，区委常委、区人武部政委严长谷，区人武部部长李军到先锋街道对武装工作进行调研。先锋街道党工委副书记王宝柱就街道武装工作进行了汇报。　　调研组对加强民兵队伍建设和街道武装工作基础建设提出了指导意见，对街道以往民兵整组和征兵工作给予充分肯定，并对街道下一步推进征兵工作、规范化建设、民兵调整改革等工作提出了具体要求。　　调研组要求，街道武装工作要着力提高民兵基层阵地建设的标准，着力提高民兵编组质量，为地方经济建设、社会稳定做出新的贡献。
112,西安区开展2018年民兵整组点验暨国防教育活动,2018-04-08,2018-04-08,牡丹江-西安日报,https://www.mdjxa.gov.cn//index.php?c=article&id=18975,4月3日下午，在嘹亮的《中国人民解放军军歌》歌声中，西安区2018年民兵整组点验暨国防教育活动拉开了序幕。黑龙江省牡丹江军分区副司令员盖守敏，区委副书记、统战部长张海峰，区委常委、区人武部政治委员严长谷，区人武部部长李军出席活动。　　活动中，宣读了民兵干部任职的命令，对基干民兵进行了呼点，并为新成立的民兵分队授旗。号召全体民兵以革命前辈为榜样，不怕艰难困苦，不怕流血牺牲，无论是战时还是平时，都能做到召之即来、来之能战、战之能胜，坚决完成各种急难险重任务。全体民兵现场进行了宣誓。　　整组点验结束后，组织民兵应急分队参观了牡丹江市革命烈士庆祝馆。民兵代表向革命烈士庆祝碑敬献了花篮，并脱帽默哀，深切缅怀为革命事业奉献出生命的先烈。　　严长谷在讲话中希望官兵们不忘革命传统，继承和弘扬先烈精神，努力工作，为新时代做出新奉献。
113,西安区委书记、开发区主任宋景东检查温春镇、兴隆镇春季防火、环境整治和备春耕工作,2018-04-08,2018-04-08,牡丹江-西安日报,https://www.mdjxa.gov.cn//index.php?c=article&id=18973,4月4日，西安区委书记、开发区主任宋景东先后到温春镇、兴隆镇就春季防火、环境整治和备春耕生产情况进行检查。在温春镇烧锅村，宋景东深入田间林场、村内街路，详细了解街路整修和严防秸秆焚烧情况，强调要坚决杜绝大风天气林场周边烧荒，重点时段、重点为区域要落实专人值守确保无火情发生。要广泛动员，加大村容村貌整治，尽快消除越冬痕迹，做好边沟清理和维修工作，完善新修道路配套工程，确保道路养护到位。在兴隆镇迎门山村，宋景东深入农村合作社，详细了解合作社生产生活、备春耕生产、农资准备等情况。在了解到合作社甜玉米供不应求，急需扩大生产仓储面积，建设资金短缺的实际问题时，指导合作社解放思想，积极利用融资贷款服务解决困难，并现场联系农发行落实200万元低息农业扶贫贷款。宋景东指出，当前辖区气候多风大、干燥天气，加之清明节祭祀和野外用火增多，森林防火进入了关键时期。各乡镇、各部门务必要继续加大春防宣传力度，增强群众森林防火意识，加大巡查力度，对重点区域和容易发生火情的地段，严防死守。防火期间要坚持领导带班，不漏岗，值班值宿24小时不离人，加强督导检查力度，切实把防火各项措施落到实处，全力打好春防工作攻坚战。
114,区社区建设领导小组召开华东三市考察学习心得汇报会,2018-04-08,2018-04-08,牡丹江-西安日报,https://www.mdjxa.gov.cn//index.php?c=article&id=18972,为迎接全国社区治理和服务创新实验区结项验收，3月18日到25日，区社区建设领导小组组织区民政局和各街道办事处到华东三市(南京、徐州、上海)考察学习。经过一周的消化理解，区社建组组织全区街道、社区召开华东三市考察学习心得汇报会。区人大常委会副主任赵伟、副区长戴冠宇出席会议并作重要讲话。市民政局基层政权和社区建设科长马骏参加会议。　　会上，考察团成员结合各自工作定位，把考察学习所看、所思，形成所建，表示有信心、有决心完成好实验区各项工作，顺利通过国家结项验收。　　会议指出，2015年7月以来，全区围绕“推进社区综合体制改革，厘清政府职能部门、街道办事处、社区居民自治组织职责，完善三社联动机制，增强社区治理服务能力”的实验区工作任务，因地制宜，创新工作，取得了可喜成果，基本形成了“党建引领、多元协同、协商共治”的社区治理服务工作体系。　　会议要求，下一步要进一步突出党建核心作用，在工作理念、“三社联动”、协商民主、品牌建设上狠下功夫，全区社区治理服务能力水平再上新台阶。
115,市委宣传部部务委员郭铁平到西安区调研,2018-04-08,2018-04-08,牡丹江-西安日报,https://www.mdjxa.gov.cn//index.php?c=article&id=18971,4月3日，市委宣传部部务委员郭铁平率队到西安区对意识形态责任制贯彻落实情况进行调研。区委常委、宣传部长康永生及区委宣传部，乡镇、街道意识形态工作负责同志参加调研。调研组实地走访了牡丹街道东丹社区和先锋街道大安社区，详细了解西安区以及基层单位意识形态工作领导责任情况，阵地管理情况。随后，调研组与区委宣传部及乡镇、街道意识形态相关负责同志进行了座谈交流。区委常委、宣传部长康永生汇报了西安区意识形态工作贯彻落实情况；与会人员结合实际，对本单位意识形态的亮点做法、基本现状和存在的问题进行了交流。调研组认为西安区委高度重视，主体责任明晰，管控意识强，意识形态工作推进有序、重点突出、成效明显，理论学习有创新，平台建设有亮点，载体丰富有特色。调研组要求，要深刻领会意识形态工作的极端重要性，找准工作切入点和着力点，真正做到因势而谋、应势而动、顺势而为；要清醒地认识当前意识形态领域面临的短板，从解决突出问题着手，不断提高群众的法律意识，积极补齐短板，维护社会稳定；要夯实制度建设，创新工作载体，牢牢把握意识形态领导权主阵地；要切实承担起主体责任，以高度的责任感落实政治责任和担当，积极打赢意识形态领域的保卫战。
116,区委副书记、区长栾娟到海南乡检查森林防火和环境整治工作,2018-04-08,2018-04-08,牡丹江-西安日报,https://www.mdjxa.gov.cn//index.php?c=article&id=18970,4月3日，区委副书记、区长栾娟带领农业局等部门负责同志到海南乡检查森林防火和环境整治工作，并赴沙虎村进行实地调研。　　栾娟指出，当前正值春季森林防火高发时期，要高度重视，进一步加强森林防火工作，提高森林火灾防控能力。　　栾娟要求，要加强防火警示宣传，在各村村口、主要路口、公路沿线两侧等关键部位，增设醒目防火标语和宣传牌，营造全员防火的浓厚氛围；要抓好重点区域和路段的火源管控和隐患排查，加大巡逻检查力度，严禁一切非法野外用火行为，确保不留死角、不留盲区；要严格执行24小时值班及领导带班制度，做好火情预警和监测工作，确保不发生火灾事故和人员伤亡。　　栾娟强调，要进一步提高辖区环境整治标准、强化治理措施、加大督查力度，重点对公路沿线、巷道、商铺门前等区域的环境卫生进行集中清理，并做好日常管护，保证乡址和园区环境整洁。　　最后，栾娟与沙虎村两委班子成员、党员代表座谈，统筹研究推进沙虎村发展思路和举措。栾娟强调，要充分发挥村党支部和全村致富能手带头引领作用，积极推进沙虎村稻米产业发展，依托主导产业带动村民增收致富。
110,西安区召开十届20次常委（扩大）会议,2018-04-12,2018-04-12,牡丹江-西安日报,https://www.mdjxa.gov.cn//index.php?c=article&id=18991,4月8日，西安区委召开了十届20次常委（扩大）会议，会议由区委书记宋景东主持。区现职副处级以上领导，区直各部门负责人，乡镇、街道党政正职参加了会议。　　会上，组织开展了“法治西安”——常委学《宪法》活动，传达了《中央巡视工作规划（2018-2022）》、《中共黑龙江省委关于对哈尔滨金融学院党委、哈尔滨体育学院党委履行管党治党主体责任不力问题进行问责的通报》，以及市纪委书记张长虹在十二届市委第二轮巡察工作动员部署会议上的讲话精神。　　会议强调，全区各级党组织和领导干部要深入贯彻落实省委关于开展“法制建设年”活动的要求，坚持常态化开展学法活动，不断提升依法行政工作水平。要围绕执法不严、司法不公、违法经营等突出问题集中发力，引导社会各界、广大群众进一步增强法治意识，形成积极健康的社会风尚。　　会议强调，落实全面从严治党主体责任是深化全面从严治党的关键所在。全区各级党组织和领导干部要牢固树立“抓好党建就是最大政绩”的理念，严格履行从严管党治党责任，形成管党治党的强大工作合力，推进全面从严治党向基层延伸、向纵深发展。要坚持问题导向，深入开展自查自纠，切实解决管党治党宽松弱的问题。　　会议强调，区委巡察办要严格落实《中央巡视工作规划（2018-2022年）》精神和省、市巡视巡察工作要求，认真总结首轮巡察工作经验，准确把握政治巡察定位，聚焦突出问题真巡实察，扎实做好区委第二轮巡察工作。　　会议还安排部署了春季防火工作，研究了“修改区委工作规则”等其他事项。
111,西安区召开全区重点村（屯）森林防火工作会议,2018-04-12,2018-04-12,牡丹江-西安日报,https://www.mdjxa.gov.cn//index.php?c=article&id=18988,为进一步落实省、市春季森林防火会议精神，确保全区范围内无重大火情发生，近日，西安区召开全区重点村（屯）森林防火工作会议，对前期森林防火工作进行了总结，对春季森防工作进行再部署、再落实。区委副书记张海峰出席会议并讲话。副区长李新梁主持会议。温春镇、海南乡辖区内的17个重点森防村（屯）的村支部书记、村主任，各乡镇主管领导、区纪检委、西安分局、区农业局负责人参加会议。　　会议指出，当前已进入春季森防高火险期，天干物燥、风力级别高，地表易燃覆盖物多，备春耕期间燃烧秸秆、农事用火增多，春季森防工作形势严峻。　　会议强调，区、乡（镇）、村（屯）各级森防单位要进一步提高认识，加强领导，把森防工作做为当前工作的重中之重。要严格管控野外农事用火，焚烧秸秆；要加大宣传教育，家喻户晓人人皆知；各成员单位、行政村屯要联防联动，防打结合；消防器械、扑火人员要保障到位，严防事故发生。
109,西安区召开全区重点村（屯）森林防火工作会议,2018-04-16,2018-04-16,牡丹江-西安日报,https://www.mdjxa.gov.cn//index.php?c=article&id=18995,为进一步落实省、市春季森林防火会议精神，确保全区范围内无重大火情发生，近日，西安区召开全区重点村（屯）森林防火工作会议，对前期森林防火工作进行了总结，对春季森防工作进行再部署、再落实。区委副书记张海峰出席会议并讲话。副区长李新梁主持会议。温春镇、海南乡辖区内的17个重点森防村（屯）的村支部书记、村主任，各乡镇主管领导、区纪检委、西安分局、区农业局负责人参加会议。　　会议指出，当前已进入春季森防高火险期，天干物燥、风力级别高，地表易燃覆盖物多，备春耕期间燃烧秸秆、农事用火增多，春季森防工作形势严峻。　　会议强调，区、乡（镇）、村（屯）各级森防单位要进一步提高认识，加强领导，把森防工作做为当前工作的重中之重。要严格管控野外农事用火，焚烧秸秆；要加大宣传教育，家喻户晓人人皆知；各成员单位、行政村屯要联防联动，防打结合；消防器械、扑火人员要保障到位，严防事故发生。
107,西安区全面开展城乡环境整治行动,2018-04-23,2018-04-23,牡丹江-西安日报,https://www.mdjxa.gov.cn//index.php?c=article&id=19019,为进一步营造良好的城乡环境，全力推进创建全国文明城市工作，近日，西安区全面展开春季城乡环境综合整治行动，破解顽疾、注重实效，集中解决居民群众反映的突出问题，提升环境卫生品质、形象和治理水平，真正实现城区发展的“内外兼修”。　　温春镇以“塑造美丽宜居乡村风貌”为要求，以治理农村脏、乱、差为重点，开展“五清”、治理“五乱”、做到“五净”，着力改善农村面貌、提升农民生活质量。各村相继开展卫生整治工作。　　海南乡重点发动党员、积极分子开展义务劳动，中兴、红星等朝鲜族村针对村内年轻人少的状况，积极发挥老年协会的作用，加强环境整治。重点清理街路两侧边沟，拉南、红旗等村开展了清河行动，北拉古等村启动了绿化工程，石头沟村向广大群众发出公告，实行门前“三包”制度，禁止村民乱堆乱放、私搭乱建。　　火炬街道组织党员干部、社区工作者、志愿者在辖区内开展以“爱护环境卫生，创建清洁家园”为主题的志愿宣传活动。活动中，对自管小区的“牛皮癣”、垃圾堆、乱堆乱放进行了集中清理，志愿者们还将废旧自行车摆放整齐，为辖区居民创造了整洁的居住环境，营造良好的创城氛围。　　牡丹街道开展“文明牡丹你我共建 美好家园你我共享”集中清扫整治活动，消除“脏、乱、差”现象，努力营造干净、整洁、优美的生活环境。广泛发动社区干部、志愿者、热心居民及辖区共建单位，对辖区小区进行了集中整治。　　先锋街道西三社区对小区内白色垃圾、楼道内的小广告、牛皮癣进行清理整治，对不文明现象进行教育劝导；滨江社区组织志愿者、对小区内、花坛中的白色垃圾进行了集中清理。　　江滨街道组织各社区对辖区内乱堆乱放、乱倒垃圾、“牛皮癣”等现象进行集中整治，社区干部、党员代表、居民代表及志愿者们用铁锹、耙子、钩子等工具，对各种白色垃圾及小广告进行全面清理，集中清理小区内的乱堆乱放垃圾和楼道内的“牛皮癣”。　　水泥街道道南社区组织党员干部、社区志愿者对辖区内文体活动场所、主干道及绿化区进行了集中清扫整治。　　下一步，区创城办将对全区集中整治情况进行专项督查，对检查验收结果、整治不力的点位和责任主体提出明确的整改意见，进一步深化目标任务和工作措施，不断提高城区精细化管理水平，推进城乡环境综合整治常态化、长效化，有效巩固整治成果。
108,西安区开展农业农村工作调研,2018-04-23,2018-04-23,牡丹江-西安日报,https://www.mdjxa.gov.cn//index.php?c=article&id=19015,4月18日，西安区开展农业农村近期重点工作调研。区农业农村战线领导，区农业局镇主管领导及经管站、水务站相关负责人参加调研。　　调研组分别听取了脱贫攻坚、农村集体经济产权制度改革、农村土地承包经营权确权登记及“河长制”工作汇报，了解进展过程中存在的具体问题，与乡镇主管领导及具体负责人深入细致的商讨破题办法和推进措施，提出指导性建议和意见。　　调研组强调，要攻坚克难、研究细节、逐项落实，促动工作顺利推进。按照省、市相关文件要求，保证在规定时间节点、高质量完成各项工作任务的阶段性目标。
105,西安区推进万达358文化主题街区建设工作,2018-04-26,2018-04-26,牡丹江-西安日报,https://www.mdjxa.gov.cn//index.php?c=article&id=19025,4月26日，区委常委、宣传部长康永生到牡丹江万达广场，与总经理何玉琴，市场部经理徐学志，主管刘诗琪就加快推进万达358文化主题街区建设工作进行现场办公。　　在前期工作的基础上，双方对万达358文化主题街区的打造方案进行了丰富和完善，就宣传推广、活动开展、项目招商等工作深入交换了意见，并制定了阶段性工作任务目标和完成时间表。　　万达358文化主题街区是西安区在充分考虑万达街区业态规划、消费市场潜力等诸多因素后，策划打造的具有地域特色、文化底蕴、创意特点的文化街区。街区以万达广场门牌号358为创作灵感，命名万达街区为——358文化主题街区。以星光天街①、星光天街②、时代天街三条街路为文化中心，集中展现文化传承性、包容性、延展性、创造性、融合性五大特质，打造旅游+文化+购物+餐饮+娱乐+运动+休闲+体验的八种文化业态。　　下一步，西安区将加快万达358文化主题街区建设进度，发挥各相关部门作用，分工配合、通力协作，汇聚合力，共同推进，以万达综合体为切入点，依托万达358主题街区LOGO设立、推介会、购物节、文化艺术节、美食节等文化活动，整体对万达358文化主题街区进行项目招商推介，围绕文化街区的商业定位，开展定向招商；组织社会文艺团体及文化志愿者，组建358乐队，358舞台剧团、358舞蹈团、358合唱团等文艺团体，开展形式多样的文化活动；有效运用政府宣传媒介以及万达自有宣传媒介多种宣传平台，加大对万达358文化主题街区的宣传推介力度，统一策划、包装、运作，举全区之力推进万达358文化主题街区打造工作，力争早日将万达358文化主题街区打造成为牡丹江市民日常文化休闲消费的人气地标和牡丹江文化发展的亮眼“新名片”。
106,西安区召开项目建设推进会议,2018-04-26,2018-04-26,牡丹江-西安日报,https://www.mdjxa.gov.cn//index.php?c=article&id=19024,4月25日，西安区召开项目建设推进会议，研究推进项目建设、招商引资、固定资产投资工作。会议由区委副书记、区长栾娟主持。区委副书记张海峰，区委常委、组织部长林坤，区委常委、宣传部长康永生，区人大常委会副主任文晓峰，副区长李新梁、戴冠宇，区政协副主席郝治国及全区各部门主要负责同志参加会议。　　会前，通报了全市纪律作风检查情况、集体学习了《中国共产党纪律处分条例》相关知识。会议通报了西安区“准备之冬”项目建设情况，听取了全区各部门项目进展情况的汇报，对项目申报材料、固定资产投资、财政预算、资产管理、专项资金管理和使用等工作提出了具体要求。　　会议指出，项目建设是助推西安区经济大发展、快发展的重要途径。我区经济指标和项目建设呈现稳中求进的良好发展态势，但在项目谋划、产业布局、招商服务等方面还存在一定差距。各部门要清醒认识到经济发展面临的困难和挑战，坚定发展信心，压实工作责任，采取精准措施补齐项目建设短板，保证区域经济平稳健康运行。会议强调，全区各部门要严格按照市委、市政府经济工作会议要求，始终把产业项目建设作为经济工作的头等大事，充分认识到产业项目建设是转方式、调结构的重要抓手，围绕各战线工作重点，强化龙头产业支撑，聚焦商贸业、医药食品加工企业、泛娱乐文化产业、近郊旅游业、互联网大数据等重点领域，统筹布局、系统谋划、强力推进，以高质量的产业项目推动经济高质量发展。
103,西安区纪委监委开展节日期间纠“四风”专项检查,2018-05-03,2018-05-03,牡丹江-西安日报,https://www.mdjxa.gov.cn//index.php?c=article&id=19045,为深入贯彻落实中央八项规定精神和省委、市委相关规定，驰而不息纠“四风”、改作风，着力优化营商环境，西安区纪委监委紧盯重要节点，聚焦“四风”新动向，以提醒+监督+震慑三种措施，坚决防止节日期间“四风”问题反弹回潮，确保文明节俭廉洁过节。　　向全区各级党组织下发《关于进一步严明“五一”端午期间有关纪律要求的通知》，重申“十个严禁”， 《通知》要求各级领导干部要带头落实中央八项规定精神和新修订的实施细则要求，发挥“领头雁”作用，带头转变作风，纠正“四风”。　　向社会公布节日期间“四风”问题监督举报电话、邮箱、举报网站，认真受理广大干部群众、社会各界及新闻媒体的举报监督，依靠群众形成无处不在的监督网。　　西安区纪委监委组成专项检查组对“五一”期间“私车公养”、“公车私用”问题进行专项检查。专项检查组采取随机察访、现场查看、突击检查、个别访谈等方式，节前到区政府、区市场监督管理局等单位检查公车封存情况，逐台进行核对。节日期间检查组到市区景点停车场对公车私用问题进行专项检查。通过检查，持续释放“越往后执纪越严”的强烈信号，对节日期间“四风”问题形成有力震慑。
104,西安区人民政府食品安全委员会召开食品安全联席会议,2018-05-03,2018-05-03,牡丹江-西安日报,https://www.mdjxa.gov.cn//index.php?c=article&id=19042,"为切实加强西安区食品安全监管工作,4月26日上午,西安区人民政府食品安全工作委员会召开了食品安全工作联席会议。　　会上，传达了省、市食品安全工作会议精神；听取了区食安办、区农业局、区市场监督管理局、区卫计局、公安局先锋分局就本部门2017年食品安全工作完成情况及2018年食品安全工作打算的汇报。　　会议指出，2018年是全面深入贯彻落实党的十九大精神的开局之年，食品监管工作进入新阶段,当前的食品安全形势依然严峻，监管这根弦一刻也不能放松，食安委各部门要严格落实好此次会议精神，科学研判新形势，理性分析新问题，不断加大对食品安全的监管力度，扎实推进食品安全工作，坚决完成新使命。　　会议强调，要强化责任，不断提高食品安全监管工作的能力和水平；要突出重点，加大食品安全监管工作的整治力度；要狠抓落实，确保食品安全工作取得明显成效。"
102,区直机关第一支部开展“纪念马克思诞辰200周年”主题党日活动,2018-05-07,2018-05-07,牡丹江-西安日报,https://www.mdjxa.gov.cn//index.php?c=article&id=19058,为庆祝全世界无产阶级革命导师、伟大思想家马克思诞辰200周年，5月4日下午，区直机关第一支部开展了“庆祝马克思诞辰200周年”主题党日活动。　　活动中，全体党员观看了专题片《解放全人类的胸怀》，全方位回顾了《共产党宣言》诞生的过程；向每名党员赠送了《共产党宣言》一书，与会党员围绕主题进行了研讨，并正式启动了党员学习平台——“机关第一支部党建微信群”。　　区委书记宋景东以一名普通党员的身份参加了主题党日活动，并围绕习近平新时代中国特色社会主义思想和基本方略给支部全体党员讲了一堂生动的党课，要求大家要持续深入学习习近平新时代中国特色社会主义思想，善于用习近平总书记重要讲话精神中体现出来的马克思主义的立场、观点、方法分析问题和解决问题，成为思想素质和工作本领过硬的党员干部。最后，全体党员重温了入党誓词。
101,区委书记宋景东到相关河段实地巡查,2018-05-11,2018-05-11,牡丹江-西安日报,https://www.mdjxa.gov.cn//index.php?c=article&id=19095,为深入贯彻中央及省市关于“河长制”的工作要求，5月10日，区委书记宋景东带领区农业局、征收办等部门到牡丹江水源地、牤牛河、海浪河三处河段进行实地巡查。　　宋景东听取了温春镇及海南乡保护水资源、防治水污染、改善水环境、修复水生态等方面工作的具体做法，存在问题及下步工作安排。要求河长制工作成员单位要进一步提高认识，切实履行“河长制”各项工作任务，做到责任治、系统治、找根治、分层次治、协力治。　　宋景东要求，乡镇党委要坚持党政领导负责制为核心的责任体系，找准治理重点，结合实际情况，强化工作措施，协调动员各方力量，形成齐抓共管、稳步推进的工作格局。
99,区人大常委会教科文卫开展《疫苗流通和预防接种管理条例》执法检查,2018-05-17,2018-05-17,牡丹江-西安日报,https://www.mdjxa.gov.cn//index.php?c=article&id=19130,5月16日，区人大常委会副主任文晓峰带领执法检查组全体成员对我区《疫苗流通和预防接种管理条例》贯彻执行情况开展执法检查。　　执法检查组一行先后到了火炬街道社区卫生服务中心、小莫村卫生站、立新社区卫生服务中心实地查看，检查《疫苗流通和预防接种管理条例》的开展情况。深入了解疫苗接种管理工作的具体情况，检查了疫苗流通、疫苗管理和预防接种培训等工作情况，详细询问儿童预防接种宣传教育的情况。　　在工作汇报会上，区卫计局局长闻国庆汇报了全区《疫苗流通和预防接种管理条例》的贯彻实施情况，检查组织成员提出了加强疫苗接种记录及电子档案等意见建议。　　文晓峰对我区在疫苗流通和预防接种管理工作方面取得的成绩给予了充分肯定，他指出，卫计局要以此次执法检查为契机，把检查组的意见作为推动工作、促进发展的动力，紧密结合我区疫苗流通和预防接种管理工作的实际，研究具体整改措施，建立长效机制，努力推动我区疫苗流通和预防接种管理工作更好发展。　　文晓峰强调，要加大《条例》宣传力度，让《条例》在全区实现全覆盖、无盲区，尤其让农村群众对疫苗预防有更深的了解，让群众清楚儿童预防接种的重要性；要加大现有技术人员的培训，提高业务水平，更好的服务于疫苗流通和预防接种管理工作；要加大财政投入，特别对基础设施要进一步完善；各执法部门要相互配合，以开拓创新、求真务实的精神做好全区疫苗流通和预防接种管理工作，为保障全区人民的身体健康尽一份力。
100,水利部松辽委到西安区督导检查河长制湖长制工作,2018-05-17,2018-05-17,牡丹江-西安日报,https://www.mdjxa.gov.cn//index.php?c=article&id=19129,5月15日，由水利部松辽委副主任廉茂庆带队的水利部松辽委全面推行河长制湖长制工作督导检查组一行到我区督导检查河长制湖长制工作，省水利厅副厅长韩福君，市委副书记、政法委书记韩嘉彬，市水务局局长楼中陆陪同检查。　　督导检查组首先来到海浪河流域河道治理保护现场，副区长李新梁向督导组汇报了全区落实河长制工作情况，包括域内海浪河的基本情况、河长履职、河道巡河、保洁员设立等，并对河长制开展以来对区域内河流的治理、保护、管理工作的完成情况进行了详细汇报。　　在海南朝鲜族乡政府，督导组对区乡两级河长制湖长制工作内业资料进行仔细查看，对区乡两级建立河长巡查日志、巡河检查问题整改告知单及巡河检查整改完成报告单工作给予充分肯定。认为西安区把河长巡河工作真正的落到了实处，不走过场，真正解决问题，是河长制工作方面的一个创新亮点。在汇报总结会上，副区长李新粱代表西安区政府进行发言，就全区河长制湖长制工作进展情况、主要做法、存在的主要问题及下步意见进行了专题汇报。督导检查组对西安区河长制湖长制工作给予高度评价。　　督导检查组要求，要依托现有水利工程治理体系，切实落实好六大河长制任务，加快一河一策编制，进一步建立好各责任单位综合治理机制，针对巡河巡湖中发现的历史遗留问题采取切实有效措施认真推进解决，持续推进河长制湖长制长效治理和保护机制。
96,西安区市场监督管理局迎接省工商局集中整治窗口服务突出问题专项检查,2018-05-22,2018-05-22,牡丹江-西安日报,https://www.mdjxa.gov.cn//index.php?c=article&id=19157,"近日，省工商局集中整治窗口服务突出问题专项检查组到牡丹江市检查。西安区市场监督管理局立新监督管理所代表市工商局迎检,检查组重点对“四零”承诺服务创建情况、深化商事制度改革落实情况等工作进行实地检查。市工商局、西安区市场监督管理局相关负责同志陪同。　　检查组详细询问了窗口工作人员在窗口服务中遇到的问题和困难，并对市场监督管理局深化商事制度改革，推进工商登记便利化，“四零”窗口建设等工作给予充分肯定，提出要继续保持良好工作状态，进一步提升服务效能，缩短行政审批时间，努力实现登记“最多跑一次”，最大程度利企便民，不断增强市场主体和人民群众获得感。　　检查组指出，窗口服务对于市场监管部门是工作中的重中之重，是群众从事商事活动的最后一公里。窗口服务质量要从服务意识、服务能力、服务纪律、服务设施以及队伍建设等方面进行全面提升。　　检查组强调，在深入开展集中整治窗口服务突出问题专项工作中要按照“四零”承诺服务创建标准，认真查找制度建设、硬件设施、承诺服务内容、工作流程和人员配备上的不足，及时调整完善、落实到位，确保问题得到根治，不反弹，取得实效，让群众真正体会到窗口环境明显改善、服务质效明显提升。"
97,西安区举办全国第二十八个助残日主题宣传活动,2018-05-22,2018-05-22,牡丹江-西安日报,https://www.mdjxa.gov.cn//index.php?c=article&id=19154,2018年5月18日，在第二十八个助残日到来之际，西安区结合政府购买服务社会工作暨“阳光家园”爱心助残项目，在牡丹市福寿阁养老服务中心举办主题宣传活动。这是西安区系列助残日活动中之一，活动中，西安区残联、福寿阁养老服务中心为重度残疾人捐赠了轮椅，进行了免费健康体检，提供了爱心午餐，助残志愿者积极参加活动并提供了个性化服务，营造了良好的扶残助残氛围。市残联理事长龙德军参加活动。　　“把温暖送进每一个困难残疾人家庭，让关爱照亮每一个残疾人心灵”，这是西安区残联的工作理念，更是他们的身体力行。多年来，西安区残联想残疾人之所想，做残疾人之所需，让西安区广大残疾人切切实实感受到了党和政府的关怀，收获了满满的幸福感。　　在西安区委、区政府的正确领导下，在市残联的指导帮助下，西安区残联认真贯彻党和国家残疾人事业方针政策，全面落实区委、区政府工作部署和市残联工作任务，围绕中心，服务大局，着力推进残疾人社会保障体系和服务体系建设，全面实施残疾人事业发展纲要，残疾人事业得到长足发展。五年来配发残疾人服务用具2000余件，依托社会化康复服务体系提供精神类残疾人免费用药1612例，免费住院治疗42人次，孤独症儿童免费康复服务79人次，发放救助帮扶金100多万元。有需求的残疾人得到了有效帮助，获得感，幸福指数显著提升。
98,西安区举办第二届“两新”组织党组织运动会,2018-05-22,2018-05-22,牡丹江-西安日报,https://www.mdjxa.gov.cn//index.php?c=article&id=19153,"5月19日，西安区委组织部、西安区委“两新”工委举办了以“不忘初心 牢记使命跟党走 砥砺前行 乘风破浪再扬帆”为主题的西安区第二届“两新”组织党组织运动会。区委副书记、统战部长张海峰，区委常委、组织部长林坤，区人大常委会副主任何新龙，区政协副主席祖颖出席开幕式。 
	
 
	
		　　黑龙江省建工集团党委、牡丹江富通汽车空调有限公司党委、牡丹江和音乐器党支部、牡丹江市医养结合中心雪城护养院党支部等23支“两新”组织党组织代表队共计731人参加了此次运动会。
	
	
		　　开幕式上，张海峰代表区委为本届运动会致辞，对“两新”组织党组织近年来取得的成绩给予肯定，对一直以来置身建设幸福西安区的辖区企业表示感谢，并预祝大会圆满成功。
	
	
		　　比赛进行了篮球、羽毛球、乒乓球、4×50米接力，50米跑，拔河，立定跳远、跳大绳、团结就是力量、沙包投准、投掷实心球等项目，运动员们在赛场上尽情挥洒汗水释放热情，拔河赛场上高亢的口号声，50米赛道上飞驰的身影，展示出“两新”组织党组织的风貌和无限活力。
	
	
		　　通过本次活动，不仅展现了我区“两新”组织党组织的凝聚力和战斗力，提升了西安区“两新”党建的影响力，更让“两新”组织深刻感受到“党建强，发展强”的丰实硕果，感受到区委、区政府对“两新”党建的高度重视。相信在未来的发展中，西安区“两新”组织党组织定将不忘初心，不负新使命；勠力同心，共赴新征程！"
95,全市城乡社区社会治理工作现场推进会在我区召开,2018-05-24,2018-05-24,牡丹江-西安日报,https://www.mdjxa.gov.cn//index.php?c=article&id=19192,"5月23日下午，全市城乡社区社会治理工作现场推进会议在火炬街道办事处利民社区召开。市委副书记、政法委书记韩嘉彬，副市长、市政府党组成员、市公安局局长杜吉君，市政府副秘书长程鹏，区委副书记、区长栾娟，区委副书记、统战部长张海峰，副区长戴冠宇，市直相关部门主要领导，各县（市）、区相关领导，城区街道党（工）委书记（办事处主任）、各社区居委会党组织书记共300余人参加会议。　　会议现场进行了牡丹江市网上民生服务平台启动仪式，为三无老人、重点优抚对象代表发放了移动呼叫器，重点参观了以关爱帮扶室、网格管理室、公安警务室、矛盾调解室为平台的利民社区综治中心建设。　　近年来，按照市委、市政府关于社区治理的相关要求，西安区坚持以街居改革、“三社联动”为抓手，不断完善社区治理功能，提升社区治理能力，按照“共驻共建，互联共享”原则实施“四室”协同建设。关爱帮扶室，依托社区工作者、社会组织、志愿者团队承担社区居家养老、困境儿童关爱、困难群体帮扶等服务。依托社区微公益项目、微心愿项目、民生服务网和“雪城人的家庭保姆”12349呼叫中心，以为民服务菜单形式面向全体居民提供志愿服务、公益服务和便民、利民、惠民服务，实现服务零距离。网格管理室，通过对网格内各级工作人员的日常培训和管理，发挥人熟、地熟优势，在做好辖区基本情况、社情民意的收集、采集、录入、更新、上报等工作的同时，配合协助有关职能部门落实相关管理措施。社区警务室，强化基础信息信息采集录入、重点人员摸排管控、辖区基础防范、流动人口服务管理等职能，同时做好严重精神障碍患者管理服务。矛盾纠纷调处工作室，由社区调委会、律师、法律服务工作者、社区专干等提供居民矛盾纠纷调处、法律咨询、法律援助等服务。　　下一步，西安区将聚力全国社区治理和服务创新实验区建设,重点突出党建统领，一体运作，力量下沉和科技引领，进一步推进治理体系社会化，治理形式网格化，治理内容精细化和治理手段信息化，努力开创社区治理新局面，让广大居民畅享发展成果，安居乐业。"
89,西安区人民检察院开展“关爱祖国未来 强化未检职能”主题宣传活动,2018-05-31,2018-05-31,牡丹江-西安日报,https://www.mdjxa.gov.cn//index.php?c=article&id=19234,青少年是祖国的花蕾，民族的未来，维护未成年人的合法权益，预防未成年人犯罪，是检察机关义不容辞的责任。六一儿童节来临之际，为能呼吁社会关爱未成年人成长，向社会宣传保护未成年人相关法律知识，5月31日下午，西安区人民检察院在西三广场开展以“关爱祖国未来 强化未检职能”为主题的“检察开放日”宣传活动。区人大常委会主任李惠斌，区委常委、纪委书记、监委主任冯慧杰，区委常委、政法委书记郭诗忠及区人民检察院全体干警参加了活动。　　活动中，向市民发放维护未成年人合法权益，介绍未成年人刑事检察工作内容的传单百余份，并向前来咨询的群众解答法律问题。　　此次检察开放日活动是在西安区检察院按照最高人民检察院深化检务公开，增强人民群众对检察工作的知晓度和认同感，推动未成年人检察工作健康发展的要求下开展。活动共进行“法治进校园”宣讲活动和宣传维护未成年人合法权益及未成年人刑事检察方面的法律知识两项内容。　　此次宣传活动有利于增强未成年人的法制观念，有效运用司法资源，维护未成年人合法权益，努力预防和遏制未成年人犯罪的发生和蔓延，是实现“防治一体，重在预防”的未成年人检察工作理念一次有益的尝试，同时，活动的开展能够帮助青少年在课堂学习和社会实践中正确树立法治意识，增强自我保护观念，形成全区未成年人知法、懂法、守法、用法的良好氛围，推动未成年人保护工作迈上新的台阶。
90,精准扶贫扶出“爱心小超市”,2018-05-31,2018-05-31,牡丹江-西安日报,https://www.mdjxa.gov.cn//index.php?c=article&id=19231,"5月28日，楼房村精准扶贫户王永波的“众帮爱心小超市”开业了。副区长李新梁及温春镇镇长嵇慧斌参加了超市开业仪式。　　众帮爱心小超市是由区委组织部下派第一书记李国斌牵头，在副区长李新梁帮扶支持下，联合温春镇驻村工作组，多方筹措资金，置办超市所需的货架、用具。扶贫‘爱心超市’的开办与运行，让困难群众及时地得到救助，进一步激发了贫困群众的脱贫主体意识和内生动力，切实将精准扶贫政策落到实处。　　为扎实有效推进楼房村的脱贫攻坚工作，温春镇政府成立了由镇长任组长的脱贫攻坚领导小组,区委下派第一书记、温春镇派出驻村干部长驻楼房村开展工作。驻村工作组与村“两委”成员及第一书记经常沟通，团结合作，各负其责，积极担当，促进了脱贫攻坚各项工作的有效开展，受到群众的广泛赞扬。"
91,市创城办到西安区督导检查小区环境整治工作,2018-05-31,2018-05-31,牡丹江-西安日报,https://www.mdjxa.gov.cn//index.php?c=article&id=19230,5月29日，市委宣传部副部长、市文明办主任黄秀梅，市文明办督导组副组长单军海到西安区对市级领导包保小区环境整治工作进行实地督导。区委常委、宣传部长康永生陪同。　　督导组先后到江滨一、二区，天威小区、新长安小区、空调小区，重点查看了小区的路面破损、私搭乱建、乱堆乱放等问题，听取了相关负责人对下一步重点工作及问题整改措施的汇报，对下一步创建工作提出了具体意见和建议。　　督导组指出，街道、社区要积极发动多方力量，共同凝心聚力参与到创建工作中；要加大投入力度，按照测评标准的要求明确责任，采取有效措施，对标达标，确保每项工作落实到位；对于存在问题的点位必须限期整改，切实营造出文明、幸福、百姓满意的生活环境。
92,西安区纪委监委开展廉政教育活动,2018-05-31,2018-05-31,牡丹江-西安日报,https://www.mdjxa.gov.cn//index.php?c=article&id=19228,为进一步加强师德师风建设，积极营造师德建设的浓厚氛围，近日，西安区纪委监委坚持教育预防、抓早抓小、防微杜渐的方针，联合区教育文体局组织全区教育系统领导干部到区廉政教育基地进行参观。　　通过讲解员对书画颂廉、追溯廉史、清廉楷模、标本兼治、廉行民安等五部分内容图文并茂的讲解，使全区教育系统领导干部受到了良好政风、民风、家风的洗礼，让传统文化中清正廉洁的概念深入到每个人的心中。　　最后，全体教育系统的领导干部在讲解员的带领下重温了入党誓词。下一步，西安区纪委监委将继续对师德师风这一老问题扭住不放，一抓到底，绝不允许反弹复燃，营造全区“风清气正”的教育环境。
93,西安区举办2018年度专武干部业务培训,2018-05-31,2018-05-31,牡丹江-西安日报,https://www.mdjxa.gov.cn//index.php?c=article&id=19226,为做好今年夏秋季征兵工作，5月25日，西安区举办2018年度专武干部业务培训，区委常委、区人武部政委严长谷出席并讲话，7个乡镇专武干部、区征兵办工作人员参加培训。　　培训内容围绕年度征兵组织程序、征兵宣传、政治考核、体格检查要点提示、廉洁征兵及相关的政策法规进行了讲解，组织了征兵业务理论考核，并就有关大学生征兵的学费减免、复学助学等相关问题进行解答。　　通过培训，专武干部熟悉了操作程序和政策规定，掌握了标准要求，表示将积极做好征兵宣传、预征、报名、体检、政审等工作，确保全区征兵任务圆满完成。
94,区人大常委会机关党支部开展专题学习活动,2018-05-31,2018-05-31,牡丹江-西安日报,https://www.mdjxa.gov.cn//index.php?c=article&id=19225,5月24日，区人大常委会机关党支部在426会议室开展学习活动。对中办发《关于进一步激励广大干部新时期新担当新作为的意见》进行了专题学习。区人大党组成员及全体党员参加学习，非党同志列席学习会议。　　《意见》从七个方面深入贯彻习近平新时代中国特色社会主义思想和党的十九大精神，对建立激励机制和容错纠错机制，进一步激励广大干部新时代新担当新作为提出明确要求；对充分调动和激发干部队伍的积极性、主动性、创造性，教育引导广大干部立足本职、干事创业，实现中华民族伟大复兴具有十分重要的意义。　　区人大党组书记李惠斌要求，要强化“四个意识”，坚定“四个自信”，不断学习、勇于担当，奋发有为，形成西安区人大工作创新创业的强大合力。
83,台湾中华青年企业家协会到西安区台创园参观考察,2018-06-11,2018-06-11,牡丹江-西安日报,https://www.mdjxa.gov.cn//index.php?c=article&id=19256,为进一步加快台湾与西安区台湾农民创业园两地农业及食品加工产业的经贸交流合作，6月4日，黑龙江省台办组织台湾中华青年企业家协会参访团到西安区台湾农民创业园进行参观考察。牡丹江市委统战部副部长、台办主任谭春明，牡丹江市农委副主任孙海燕，副区长李新梁及区农业局相关负责同志陪同。　　参访团一行首先来到西安区台创园，副区长李新梁详细介绍了西安区台创园的发展规划、产业布局、创新机制等方面情况，并且与客商对再生资源利用、寒地蔬菜种植项目、生物科技开发等项目进行了深入的交流。参访团对此留下了深刻印象，一行台胞详细了解区位优势和发展前景等情况后，对园区的发展前景给予了高度评价。参访团希望台湾农业专家来台创园进行交流与指导，也邀请西安区台创园的相关同志来台湾就项目进行对接。　　随后，参访团一行参观了牡丹江规划展示馆和牡丹江市慈蜂堂蜜蜂故事馆。在牡丹江规划展示馆，观看了牡丹江的宣传视频。对牡丹江的经济变化和前景发展给予了高度的评价。在牡丹江市慈蜂堂蜜蜂故事馆，详细了解蜜蜂成长过程的变化情况。参访团对基地的蜂产品文化和国际成熟蜜生产线给予了高度评价和赞赏，对蜂产品品质和产品包装给予肯定。　　最后，参访团来到西安区海南乡中兴田园综合体进行考察和座谈，观看台创园宣传片，针对几个项目进行深入交谈，共同探讨了项目的未来发展，交流了合作事项。参访团表示今后将进一步关注西安区台创园发展，积极在项目上加强交流与合作，实现合作互赢，共同发展。
84,西安区召开2018年防汛工作会议,2018-06-11,2018-06-11,牡丹江-西安日报,https://www.mdjxa.gov.cn//index.php?c=article&id=19254,6月6日上午，区防汛指挥部副总指挥、副区长李新梁组织召开西安区防汛工作会议，各乡镇、街道办事处主要领导，区农业局、城建局负责同志及相关人员参加会议。　　会上，传达了牡丹江市水务局对牡丹江市当前雨水情概况及未来趋势分析；对牡丹江市2018年汛期气象形势进行了分析。　　副区长李新梁就今年防汛工作强调了三点意见：一是要进一步认清形势，在总结去年防汛工作经验的基础上，增强做好防汛工作的紧迫感。充分认清天气形势的严峻性、防汛基础设施的局限性及特殊性；二是要进一步明确任务，确保防汛措施落实到位。严格预案响应机制，强化隐患排查整改，落实应急队伍物资。三是要进一步加强领导，形成防汛工作的合力，做到责任到位，严肃纪律，服从统一指挥。　　会议要求，要认真落实防汛责任制。落实乡（镇）、村行政首长负责制，落实行政领导和技术人员包堤、包库、包村的包保责任制加强责任制的监督检查，严肃防汛纪律，落实防汛责任追究制度；要搞好雨水情实时预报预警。加强与水文、气象部门的会商，及时掌握气象、水文条件，把握防汛工作的主动权，及时发布山洪、泥石流、滑坡等预警信息，建立预警信息反馈机制；要突出做好山洪防御工作。各乡（镇）必须高度警惕，严加防范。加强基层监测预警能力建设，加强防范管理和宣传，在危险地段要树立警示标志，增强群众防灾避险意识，提高自防、自救和互救能力，构建群测群防体系；要调整补充完善各类预案方案。各防指成员单位及各级防汛组织，在系统总结以往防汛工作经验与教训的基础上，针对存在的突出问题，进一步细化和落实预案执行中的关键环节、重点措施，增强预案方案的实用性和可操作性；要加强宣传依法防洪。加大宣传力度，把握正确的舆论导向，及时准确发布水情灾害信息，让社会各界和广大干部群众了解防汛形势和对策，了解自救自保措施，让全社会关注、理解、支持防汛工作；要落实防汛资金、物资、队伍。各乡（镇）要采取措施，拓宽资金渠道，提高防洪资金投入水平，保证所需的品种和数量。特别是病险水库和堤防险工弱段，要备足抢险物资和抢险土石料。要组织和落实群众抢险队伍，对人员和装备登记造册，做到遇险时拉得出、抢得上、守得住。
85,西安区召开产业项目发展促进工作会议,2018-06-11,2018-06-11,牡丹江-西安日报,https://www.mdjxa.gov.cn//index.php?c=article&id=19251,6月5日，西安区召开产业项目发展促进工作会议。会议由区委副书记、区长栾娟主持。区四个班子处级领导及全区各部门主要负责同志参加会议。　　会议通报了全区各承标部门1-5月份招商引资、固定资产投资完成情况，传达了全市产业发展促进工作会议精神和市委书记马志勇的重要讲话精神，制定下发了《2018年全区处级领导包保产业项目责任分解》。　　会议指出，项目建设是推进经济发展的重要拉动，以大项目带动大投入、大投入带动大发展是助推区域经济大发展、快发展的有效途径。全区上下要高度重视、凝聚共识，严格按照市委、市政府的重要部署，把项目建设作为全年工作的重中之重抓实抓牢。　　会议要求，要认识到位，各部门要抓好招商大好时机，加快“走出去、请进来”步伐，优化招商方式，突出产业招商，延伸产业链条，不断提升招商实效；要责任到位，按照年初既定的包保责任分工和要求，严格落实处级领导包保责任。四个班子领导齐上经济主战场，充分发挥带头引领作用，加大项目建设的指导和服务力度，确保招商目标任务顺利完成；要落实到位，各部门要充分发挥职能优势，重点围绕海南中小企业园区、西部商圈、老城区核心商圈招商引资，引导项目尽快签约落地。对未开工项目要逐一分析研究，注重破解瓶颈问题，全力推进项目早日投产达效；要督办考核到位，区发改局、商务旅游局、政府办牵头成立督查组，全程督办、跟踪问效，确保全区项目建设高质、高效、有序推进。
86,西安区召开新一轮创建全国文明城市启动大会,2018-06-11,2018-06-11,牡丹江-西安日报,https://www.mdjxa.gov.cn//index.php?c=article&id=19249,6月5日，西安区召开新一轮创建全国文明城市启动大会，贯彻落实全市创建全国文明城市动员部署会议精神，统一思想认识，凝聚创城合力。区四个班子在家领导，创城工作各牵头单位和责任单位主要负责人，各乡镇党政主要负责人、宣传委员、分管城建工作副乡镇长，各街道班子成员、各社区书记参加会议。　　会上，区委常委、宣传部长康永生对全区2018年创建全国文明城市重点工作进行了安排和部署，就区级领导分包联系社区创建工作责任制和全区2018年创建全国文明城市工作任务总分解进行了说明。　　区委副书记、区长栾娟在会议中指出，全国文明城市作为发展经济、管理城市、改善民生的重要载体和抓手，全区上下广大党员干部要认清形势，勇于担当，牢固树立创建工作的信心决心，进一步增强荣誉感、使命感和责任感。各责任单位要坚持问题导向，查找不足，精准发力，提升创建工作的质量和水平，列出三年时间表、路线图、任务书和责任状，在“七抓七突破”上下功夫，真抓实干，形成合力，努力实现创建任务有序推进。　　会议强调，各级各部门要把创城工作作为推进全面工作的总抓手，形成主要领导亲自抓、条块结合共同抓的工作格局。要切实加强组织领导，齐抓共管、统筹推进，推行区级领导分包社区创建工作责任制，深入践行“一线工作法”，确保工作落实到位；要强化任务分解，对照全国文明城市测评体系要求、《西安区2018年创建全国文明城市工作任务总解》，按照“谁主管、谁负责，谁丢分、谁负责”的原则，全面梳理各个节点、各个环节、各个层面的问题及任务，制定具体的时间表和路线图，切实把各项工作做细、做实、做到位；要强化督查考核，加强全面督查和专项督查，对未达标事项、重点区域和路段、重点行业和专项工作实行挂牌督办制度，查进度、找差距、明责任、抓落实，对工作推进不力、影响创建大局的单位和个人，实行“一票否决制”。 　　全区上下要同心同德、团结协作，以创则必成的信心、责无旁贷的担当、真抓实干的作风，为西安区经济社会更好更快发展，牡丹江市跻身全国文明城市行列，决胜全面小康社会做出新的更大贡献。
87,西安区纪委监委召开村级廉政建设标准化示范点现场会,2018-06-11,2018-06-11,牡丹江-西安日报,https://www.mdjxa.gov.cn//index.php?c=article&id=19246,为全面贯彻中央、省、市“有效解决基层微腐败问题，增强群众对党风廉政建设和反腐败工作的获得感，将管党治党责任传导到基层”的工作要求。西安区纪委监委立足全区实际，在全区范围内开展推进廉政建设标准化，创建“清风机关、社区、村屯”工作。　　在去年年末召开的“清风机关”和“清风社区”两个廉政标准化示范点现场会的基础上，西安区纪委监委又于年初根据机关、乡镇、街道、村屯和社区等不同层面，细化考核细则，将此项工作在全区各层面铺开，全面推进全区党风廉政建设向纵深发展。5月31日上午，经区纪委常委会议研究，决定召开两个村级廉政标准化示范点现场会。区纪委监委相关负责人员和全区两个乡镇的党委书记、纪委书记、纪委委员、31个行政村的党支部书记共计40余人参加了本次会议。　　这次会议既是全区创建村级廉政标准化工作第一阶段经验成果的汇报会，也是接下来全区所有村屯第二阶段全面推进此项工作的启动会。参会人员先后深入到温春镇大莫村和海南乡北拉古村，参观了大莫村的廉政文化长廊和北拉古村的廉政文化宣传板，查阅了两个村屯在创建廉政标准化过程中的经验材料，同时听取两个村级示范点在廉政建设责任制，党务、政务、财务公开，“一员、一审、一评”监督机制和廉政教育等四方面取得的经验性成果汇报。会议由区纪委副书记、监委副主任李艳君主持。李艳君对《西安区推进廉政建设标准化考核实施细则》进行了详细解读，并对下步工作进行了安排部署。　　区委常委、纪委书记、监委主任冯慧杰就村级廉政建设标准化工作的现实意义，与参会人员进行了经验分享。冯慧杰指出，广大村干部要明确“三个认识”，即正确认识“自己”、正确认识廉政建设标准化这项工作，正确认识当前党风廉政建设和反腐斗争的形式，才能不辜负广大村民的信任和期望，才能立足新时代，奋力新作为。　　下一步，西安区纪委监委将以示范点的经验为引领，按照“半年一推进、全年一考核”的工作部署，于6月中旬开始对街道、社区和区直各单位廉政标准化创建工作进行验收。村级廉政标准化验收工作将于今年9月份进行，从而实现全区党风廉政建设与经济发展整体同步推进，确保全区政治生态“风清气正”。
88,市委书记马志勇到江滨一区调研,2018-06-11,2018-06-11,牡丹江-西安日报,https://www.mdjxa.gov.cn//index.php?c=article&id=19243,6月1日上午，市委书记马志勇一行到江滨街道办事处现场调研并听取了江滨一区环境整治责任落实情况。区委副书记、区长栾娟，区委常委、宣传部长康永生参加调研。　　座谈会上，区委副书记、区长栾娟就西安区创城工作及落实市领导分包江滨一区责任落实情况等工作进行了汇报。马志勇重点听取了江滨一区在推进创城工作的思路举措及目前存在的实际问题。　　马志勇指出，街道、社区日常工作量大、任务重，一定要立足现有基础，建立各种工作应急预案，加强社区精细化管理；组织引导居民逐步实现自我管理、自我教育，全力提升居民道德素养；各相关部门要结合实际工作，以创城为牵引，研究解决具体问题，切实抓好整改落实，为居民营造良好的生活环境，全力完成新一轮创城工作各项责任目标。
82,国家统计局农村司到我区调研,2018-06-12,2018-06-12,牡丹江-西安日报,https://www.mdjxa.gov.cn//index.php?c=article&id=19259,6月7日，国家统计局农村司巡视员范小玉，省统计局农村处副处长李红良到我区开展农业统计调研工作。市农调队队长李世辉，区委副书记、统战部长张海峰及区统计局、温春镇相关负责同志参加调研。    调研组首先与相关负责同志进行了座谈交流，听取了西安区农业发展情况及一产三产融合发展情况的汇报，同与会人员围绕农业畜牧业、农业现代化如何带动农民增收和农业产值增加等问题进行了交流讨论。    随后，调研组到温春镇双龙村进行实地走访，查看了水稻、玉米、烤烟等作物的生长情况，仔细询问了水稻、玉米的种植，生猪的饲养和相关特色种植的情况，就如何提升农作物产量和提高农民收入水平与村民进行了交流，对温春镇双龙村的农业生产情况给予肯定，并针对今年春旱情况提出具体要求和措施。    调研组要求，今年除了要保证粮食作物的供给，更要在经济作物和畜牧业发展上作文章，要大力培植和引进龙头企业，以农业增效、农民增收为核心，带动畜牧业和特色种植业的发展，加快优化产业结构，提高农业现代化水平。
81,市创城办到温春镇、海南乡督导检查创城工作,2018-06-13,2018-06-13,牡丹江-西安日报,https://www.mdjxa.gov.cn//index.php?c=article&id=19262,6月11日，市创城办督导组到温春镇、海南乡督导检查创城工作，区委常委、宣传部长康永生、区创城办及温春镇、海南乡相关负责同志参加检查。      督导组一行先后到温春镇政府、海南乡政府、海南乡农村信用社、海南朝鲜族乡人才服务中心等单位，重点对服务环境、基础设施建设、“窗口单位”创城氛围营造进行了检查，对温春镇公路沿线的环境卫生进行实地查看，对西安区在上一轮创建工作中奠定的良好基础及目前工作成效予以肯定，对下一步的创城工作提出了具体要求。      督导组要求，针对发现的问题和薄弱环节，要精准发力，固化为长效机制，不断巩固和扩大创城成果；要保持思想不松、标准不降、力度不减，继续保持创城工作的延续性，进一步提升创建工作水平。
80,市委副书记、政法委书记韩嘉彬到我区检查河长制工作,2018-06-15,2018-06-15,牡丹江-西安日报,https://www.mdjxa.gov.cn//index.php?c=article&id=19313,6月13日，市委副书记、政法委书记韩嘉彬到西安区对河长制工作进行检查。区委副书记、区长栾娟，区委副书记、统战部长张海峰及市河长办、市环保局，区农业局相关负责同志陪同。　　韩嘉彬先后到西安区城市水源地、水质监测站、西水源地取水泵站等处实地查看；听取了西安区城市水源地治理、水质监测站建设及河长制工作推进情况的汇报，对我区河长制及城市水源地治理等工作给予了充分肯定。　　韩嘉彬指出，西安区城市水源地治理工程是事关全市人民饮水安全的民生工程、民心工程，在面临时间紧、任务重等多重考验的同时，要全力以赴抓推进、抓落实，坚决按照市委、市政府项目建设时间节点要求完成各项工作任务。　　韩嘉彬要求，城市水源地上游的保护工作要紧密围绕河长制六大任务，切实抓好水资源保护、水域岸线管理、水污染防治、水环境治理、水生态修复、执法监管等各项任务的落实工作，让牡丹江人民喝上干净水、放心水。
79,西安区召开脱贫攻坚工作推进会议,2018-06-21,2018-06-21,牡丹江-西安日报,https://www.mdjxa.gov.cn//index.php?c=article&id=19336,6月19日，西安区脱贫攻坚工作推进会议在区政府六楼多功能会议室召开。会议由区委副书记、区长栾娟主持。区人大常委会主任李惠斌，区政协主席梁忠仁，区委副书记、统战部长张海峰，区委常委、组织部长林坤，区委常委、纪委书记、监委主任冯慧杰，区委常委、宣传部长康永生，区委常委、政法委书记郭诗忠，副区长李新梁、戴冠宇出席会议。区直各相关部门，各乡镇负责同志，驻村第一书记及相关行政村主要负责同志参加会议。　　会上，学习传达了省委书记张庆伟在全省脱贫攻坚工作推进会议上的讲话精神；通报了省脱贫攻坚问题整改督导组对全市的督察情况。　　会议指出，年初以来，全区上下坚持把脱贫攻坚工作作为重大政治任务和第一民生工程，深入推进精准扶贫精准脱贫，重视程度有所提升，基础工作逐步规范，责任体系进一步健全，脱贫攻坚工作取得明显成效。　　会议要求，要落实扶贫措施，进一步抓实产业扶贫，将本地资源秉赋、产业基础、区位条件、市场需求与壮大村集体经济、壮大新型农业经营主体、发展当地特色种养殖相结合，因地制宜谋划推进产业扶贫项目；要加强技能培训，搭建对接平台，推进贫困劳动力就业，强化与贫困户的利益联结机制，让农民群众得到实惠；要坚持扶贫与扶智扶志相结合，加大脱贫攻坚政策宣传力度，强化脱贫户的示范带动效应，进一步激发贫困户内生动力。会议强调，要深入贯彻落实习近平总书记扶贫开发思想，进一步提高思想认识，强化政治责任，深化问题整改，巩固提升扶贫成效，确保党中央和省委“精准扶贫、精准脱贫”工作部署落实到位；要提高政治站位，真正把脱贫攻坚工作作为当前重大政治任务来抓、作为今后艰巨性任务来抓、作为一项社会责任来抓，相关部门、社会各界都要高度重视，积极参与脱贫攻坚工作，打好脱贫攻坚战的“组合拳”，形成脱贫攻坚的强大合力；要强化问题导向，加强组织保障，统揽脱贫攻坚工作，统筹做好进度安排、项目落地、资金使用、人力调配、推进落实等工作，加快机构设置和人员配备，充分发挥驻村第一书记帮扶作用，加强对扶贫干部的关心关爱，全力打好打赢脱贫攻坚战。
78,西安区召开教育系统工作会议,2018-06-25,2018-06-25,牡丹江-西安日报,https://www.mdjxa.gov.cn//index.php?c=article&id=19350,6月20日，西安区召开教育系统工作会议。会议由区委副书记、区长栾娟主持。副区长李新梁出席会议，区教育文体局主要负责同志及区属各学校校长参加会议。　　会议听取了区教育文体局和区属各学校上半年的工作汇报；对下一步工作进行安排部署。　　会议指出，义务教育是提高民族素质的奠基工程，要以建设“教育强区”为目标，提升政治站位，在提高教育质量、激发教学活力上多点发力；要优化教学网点布局，加大资金投入，强化师资调配，在打造一流的办学条件、一流的师资队伍、一流的学生人才等方面取得新成效，推动义务教育发展在基本均衡的基础上向优质均衡迈进。　　会议要求，要坚持把教师队伍建设作为提升教育教学质量的核心支撑，以“强师资、精师能、铸师魂”为有效途径，全力打造高素质专业化教师队伍；要树立“以特色求发展，以特色创品牌”理念，把特色学校建设与校园创新活动有机结合，打造个性鲜明的校园名片；要加快推进教育内涵式发展，以提升学生综合素质为主攻方向，不断创新教育方法，持续深化课程改革；要不断优化教育资源配置，有效借助校际联盟作用，推动各校在师资团队、课堂互动、教师联研、学生活动等方面开展广泛合作；要坚持立德树人，把社会主义核心价值体系和中华民族优秀传统文化融入教育教学全过程和管理服务各环节。　　会议强调，要坚持“从严治教”理念，始终把提高学校管理水平作为依法办学中心环节，把加强师德建设作为推动教育正本清源的有效途径，采取“标本兼治、惩防并举”的方式，不断增强教师严肃职业纪律、规范职业行为自觉，切实营造风清气正的教育生态环境；要围绕“学生安全、家长放心”底线目标，不断完善校园安全防范体系建设，强化“三防”（人防、技防、物防）保障，切实织牢织密校园安全保障网。
77,西安区召开社区戒毒社区康复工作推进会议,2018-06-26,2018-06-26,牡丹江-西安日报,https://www.mdjxa.gov.cn//index.php?c=article&id=19361,6月21日，西安区召开社区戒毒社区康复工作推进会议。会议由区委副书记、区长栾娟主持。区委常委、政法委书记郭诗忠，副区长戴冠宇出席会议。西安公安分局、先锋公安分局，区司法局、民政局、卫计局、教育文体局、人社局及各街道相关负责同志参加会议。　　会议总结了前期全区社区戒毒社区康复工作情况；对下阶段工作重点进行安排部署。　　会议指出，开展社区戒毒社区康复工作，是贯彻落实中央关于加强禁毒部署，扎实推动《禁毒法》和《戒毒条例》实施的一项重要举措。对此，各相关单位务必要保持清醒认识，始终坚持问题导向，创新思路，锲而不舍推动禁毒工作，特别是社区戒毒社区康复工作要取得新突破、迈上新台阶。　　会议强调，各相关部门要把社区戒毒社区康复工作作为“法治建设年”的重要内容，不断加强领导、压实责任，切实增强做好社区戒毒工作的责任感和使命感；要夯实社区戒毒社区康复基础，健全社区戒毒社区康复机构、建设专业人才队伍、加强各项保障，不断丰富社区戒毒社区康复工作方式，统筹谋划、整体联动、社会共治，积极推进各项社会事业协同发展。
76,区委组织部召开2018年上半年党建工作例会,2018-07-02,2018-07-02,牡丹江-西安日报,https://www.mdjxa.gov.cn//index.php?c=article&id=19384,6月28日，区委组织部召开2018年上半年党建工作例会。会议由区委常委、组织部长林坤带队，各机关、乡镇、街道主要负责同志、“两新”党（工）委分管党务工作同志参加会议。　　本次例会坚持点面结合、抓点促面的思路，由各党（工）委推荐了先锋医院、火炬小学、温春村、滨江社区、中闵置业等30个党建示范单位；与会人员采取查阅资料、听取汇报、现场观摩、互检互查和召开座谈会等形式，对各党建示范单位近期的党建工作逐一进行督查；与会人员从阵地建设、党支部班子凝聚力、党员作用发挥情况、党建活动载体、产业项目建设等方面参观检查；组织部长现场点评、指出问题，其他参会同志进行评议，在“多对一”的指导中提升党建工作水平，“以干代训”补齐党务工作者“能力短板”，倒逼各党（工）委对党建工作进行全面思考、全面打造、全面总结、整体推进。　　2016年以来，区委组织部创新开展党建工作展示活动，并采取每季一评、交叉互检的方式进行；切实强化党建责任、狠抓项目落实、补齐工作短板，呈现出竞进提升、比学赶超的工作态势，推动了全区基层党建工作全面进步全面过硬。
75,省统计局核算处到西安区调查检查投入产出工作,2018-07-03,2018-07-03,牡丹江-西安日报,https://www.mdjxa.gov.cn//index.php?c=article&id=19389,近日，省统计局核算处处长张跃文到西安区开展投入产出调查检查工作。市统计局副局长于培春及市核算科、区统计局相关负责同志参加检查。　　检查组来到新闻传媒集团有限公司，实地查看了投入产出调查的实施情况、现行财务报表科目分类标准、“企业一套表”联网直报执行等方面情况。　　重点检查是否严格按照“成本跟着产值走”和“不重不漏”的原则填报数据，围绕数据的完整性、匹配性和可比性等对调查数据进行审核检查；对部分科目，例如差旅费、通信费、劳务费等的其中的主要内容及数额进行了详细的检查；对材料消耗分类目录的是否对应正确，材料种类是否明显偏少或不符合实际情况进行了查看；对一级科目下的数额较大的二级科目，是否反映实际以及补充指标（应付职工薪酬、从业人员平均人数）和表中总量指标的匹配是否合理均进行了检查。　　检查组指出，要高度重视本次投入产出检查工作，在工作中发现问题、要及时解决问题，总结解决问题的具体措施，从而进一步提升调查数据质量，确保高质量完成投入产出调查工作。
74,区政协开展义务教育均衡发展巩固与提高情况专题调研,2018-07-06,2018-07-06,牡丹江-西安日报,https://www.mdjxa.gov.cn//index.php?c=article&id=19402,7月3日，区政协主席梁忠仁带领调研组就我区义务教育均衡发展成果巩固与提高情况进行了专题调研。　　调研组实地查看了江滨小学和平安小学的办学条件、校园文化、功能室建设和学生素质教育成果等方面情况，听取了学校基础设施、师资力量和生源情况的汇报，详细询问了学校发展中存在的突出问题，全面了解我区义务教育均衡巩固与提高情况。　　调研组与相关负责同志进行了座谈交流，听取了区教育文化体育局局长柳青杨对全区继续巩固义务教育均衡发展工作基本情况和做法措施；对改善办学条件、促进师资均衡、提高教学质量等方面的提出了具体建议。　　通过调研，政协委员们真切感受了西安区教育近年来发生的巨大变化和大好形势。　　梁忠仁指出，西安区教育工作亮点纷呈，义务教育均衡巩固与提高过程中思路清晰、目标明确、措施得力、成效明显，学校办学条件全面改善，教育教学质量全面提升，得到社会各界普遍赞誉。　　梁忠仁希望政协委员们今后要继续多关心支持教育、多为西安区教育又好又快发展鼓与呼，推动西安区义务教育均衡发展再上新台阶。
73,市委常委、市委秘书长赵荣国到温春镇海浪村督导党建重点工作开展情况,2018-07-09,2018-07-09,牡丹江-西安日报,https://www.mdjxa.gov.cn//index.php?c=article&id=19404,近日，市委常委、市委秘书长赵荣国到党建联系点温春镇海浪村督导党建重点工作开展情况，为全体党员讲授专题党课，走访慰问了老党员和贫困党员。区委副书记、统战部长张海峰及区委组织部、温春镇相关负责同志陪同。　　赵荣国详细了解了海浪村党支部的党建、发展壮大村集体经济等方面工作情况。　　赵荣国指出，党支部要进一步提高为民服务能力，不断提升基层党组织的凝聚力、号召力和战斗力，更好地发挥基层党组织的战斗堡垒作用和广大党员的先锋模范带头作用，团结带领人民群众发展壮大村集体经济。随后，赵荣国来到海浪村活动室，以“学党史、做合格党员”为题，围绕党的生日由来、合格党员标准、党员如何发挥好先锋模范带头作用等内容为全体党员上了一堂生动的专题党课。　　赵荣国要求，全体党员要在坚定信念、对党忠诚、服务群众、加快发展等方面发挥先锋模范带头作用，做政治上的明白人、乡村振兴的带头人、人民群众的贴心人、遵纪守法的老实人，切实把握好党纪党规警戒线、原则政策生命线、法律法规高压线，以实际行动在群众中树立好形象、留下好口碑。　　党员纷纷表示，将牢记党课精神实质，争做合格党员，齐心合力建设和谐美好的海浪村。　　最后，赵荣国来到了老党员常德芝，困难党员袁桂芝家中，为他们送去党的关怀和问候。赵荣国详细了解了二人家中的情况，鼓励他们自立自强，在党和政府帮助下，把日子越过越好，同时，要发挥好党员的带头作用，继续支持村两委工作，共同把海浪村建设得越来越好。
72,我为国务院提建议,2018-07-11,2018-07-11,牡丹江-西安日报,https://www.mdjxa.gov.cn/https://liuyan.www.gov.cn/2018gwyddc/index.htm,
71,市委书记、牡丹江市河长马志勇到西安区开展巡河工作,2018-07-13,2018-07-13,牡丹江-西安日报,https://www.mdjxa.gov.cn//index.php?c=article&id=19672,7月10日，市委书记、牡丹江市河长马志勇到西安区开展巡河工作。市委常委、市委秘书长赵荣国，区委副书记、区长栾娟，区委副书记、统战部长张海峰及市河长办、市环保局相关人员陪同巡河。　　马志勇先后来到西安区城市水源地保护区、水质监测站、西水源地取水泵站等处进行查看，听取了城市水源地治理、水质监测站建设及西安区河长制工作情况的汇报。　　马志勇要求，要深入学习贯彻落实习近平生态文明思想和全国、全省环境保护大会精神，坚决落实省、市关于河长制湖长制各项决策部署，切实提高政治自觉、思想自觉和行动自觉，压实区乡村三级河长责任，加强部门之间、县（市）区之间的协调配合，切实把管河治河责任扛起来、落实好，认真排查梳理解决存在的突出问题，建立健全管河治河长效机制，不断提升生态环境建设水平。 　　马志勇强调，城市水源地是城市供水的主要水源地，水源安全是群众身体健康的基础保障，属地政府和各相关部门必须切实加大治理力度，常态化开展污染隐患专项巡查，依法清理保护区内违规、违法建筑和排污口，有效杜绝垃圾、畜禽养殖等污染，坚决禁止在一级保护区内开展与供水和保护水源无关的任何活动，切实保障城乡供水安全和人民群众身体健康。
70,西安区召开2018年度机关党建推进会议,2018-07-18,2018-07-18,牡丹江-西安日报,https://www.mdjxa.gov.cn//index.php?c=article&id=19721,近日，西安区2018年度机关党建推进会议在区政府六楼多功能会议室召开。区委副书记、统战部长张海峰，区委常委、组织部长林坤出席会议。区机关各直属党组织负责同志参加会议。　　会上，对上半年机关党建工作中存在的问题进行了剖析和总结；对“三会一课”、组织生活会、民主生活会、民主评议党员、主题党日等方面工作提出了具体要求；对“党组”和“党支部”的概念进行了解读，对党组工作系统规范化提出了明确要求。　　会议要求，各级党组织要高质量高标准的开展组织生活，党务领导要绷紧弦，切实负起责任；要借鉴其他城区好的做法，为处级领导建立组织生活档案。　　会议强调，各级党组织要高度重视，查找不足，切实增强基层党建工作的责任感和紧迫感，提高政治站位，加强对党建工作的理解和重视，奋发向上，努力推进机关党建工作再上新水平。
69,西安区召开驻村扶贫“第一书记”座谈会,2018-07-20,2018-07-20,牡丹江-西安日报,https://www.mdjxa.gov.cn//index.php?c=article&id=19725,为贯彻落实中央、省、市委关于脱贫攻坚工作安排部署，今年4月，西安区向7个村派驻第一书记开展脱贫攻坚工作，实施“周民情日记+季座谈交流+半年目标考核+年成果展示”的方式，强化对驻村“第一书记”管理。　　7月17日，西安区召开驻村扶贫“第一书记”座谈会。区委副书记、统战部长张海峰，区委常委、组织部长林坤，副区长李新梁出席会议。驻村扶贫第一书记，派出单位及派驻单位、区委组织部、区农业局相关负责同志参加座谈。　　会议就如何开展脱贫攻坚工作进行了业务指导，对下一阶段脱贫攻坚工作进行了安排部署。7名驻村第一书记分别围绕驻村工作以来的工作生活情况、遇到的困难和问题以及今后的打算作了交流发言；派出单位及派驻单位主要负责人分别就如何支持第一书记开展工作、第一书记驻村情况进行了发言。　　会议要求，各派出单位和派驻单位要高度重视派驻第一书记工作，将其作为服务中心工作的重要抓手，作为培养锻炼干部的重要渠道，要在工作上关注、生活上关心，为第一书记施展拳脚提供坚实的经济支持和后勤保障。　　会议要求，各位第一书记要摸清底数，当好学生；要深入群众，扎好根基；要注重方法，练好本领；要突出重点，做好工作。会议强调，第一书记要深入学习贯彻习近平新时代中国特色社会主义思想特别是扶贫开发重要战略思想，高度重视基层党建，脱贫攻坚，派驻第一书记工作，以时不我待只争朝夕的精神，打赢打好脱贫攻坚战，交上一份百姓满意的答卷。
68,区委书记宋景东到区市场监督管理局体验调研,2018-07-23,2018-07-23,牡丹江-西安日报,https://www.mdjxa.gov.cn//index.php?c=article&id=19727,按照市深化机关作风整顿领导小组办公室《关于进一步做好“一把手走流程”工作的通知》要求，7月17日，区委书记宋景东到区市场监督管理局体验调研。　　宋景东来到区市场监督管理局二楼登记股，与现场办事群众一起体验了个体工商户设立登记、企业“多证合一”营业执照更换的全流程，全程查看办事指南、准备材料、填写表格、办理等环节，询问听取办事群众意见。　　随后，宋景东来到华隆所、消保股、质监股等窗口单位，详细了解各部门职责分工、日常办公业务量及办事程序；听取近期消费者投诉举报处理情况，与办事群众进行交流，深入了解办照流程是否便民、利民；现场指导窗口人员要在提升服务意识、优化办事流程、强化业务培训等方面加大工作力度，进一步提升办事效率和服务质量。　　宋景东强调，要打通服务群众最后一公里，要重视群众的诉求，针对流程再造，建议区市场监督管理局提早进行审批大厅的筹划工作，切实行使好职权，将惠民利民落到实处，把我们的便民措施落实到广大市民、监管对象手中。
67,省农委对外经济合作处到西安区台创园考察,2018-07-26,2018-07-26,牡丹江-西安日报,https://www.mdjxa.gov.cn//index.php?c=article&id=19748,7月23日，省农委对外经济合作处处长谢永坚到牡丹江市西安区台湾农民创业园（以下简称“西安区台创园”）考察。市农委主任吴永奎，区委副书记、区长栾娟，区委副书记、统战部长张海峰，副区长李新梁及市农委外经科、区农业局相关负责同志参加考察。　　谢永坚详细听取了关于西安区台创园的规划、项目建设、发展情况，实地查看项目建设进度，肯定了牡丹江市西安区台创园取得的成绩，并就西安区台创园建设过程中存在问题以及需要协调解决事项进行讨论研究。　　谢永坚强调，台创园建设要站位高远、放宽视野，台创园发展要跳出西安区，拓展辐射到全市范围内；要集中全区、全市力量将台创园发展好、建设好，成为东北三省对台农业合作的示范区；要突出地域特色，在加快引入台湾元素的同时，立足牡丹江对俄沿边开放的优势，加快发展外向型农业。
66,区委副书记、区长栾娟深入实地开展巡河和防汛督导检查,2018-07-27,2018-07-27,牡丹江-西安日报,https://www.mdjxa.gov.cn//index.php?c=article&id=19757,7月26日，区委副书记、区长栾娟到西水源地保护区等沿河重要节点开展踏查巡河活动，并到海浪村、小莫村等地检查督导防汛工作。副区长李新梁及区农业局、温春镇等相关负责同志参加检查。　　在西水源地保护区现场，栾娟实地巡查周边流域水环境和河长制落实情况，详细询问了地表水水质自动监测站调试情况。栾娟强调，区、乡镇、村各级河长要深刻理解河长制的重大意义，深入学习贯彻落实中央和省、市委关于河长制的一系列要求部署，深化思想认识，提高政治站位，担负起河岸管理保护的历史使命，协调解决管理中存在的突出问题，扎实推进生态环保污染防治各项工作，形成人与自然和谐发展的生态格局，实现河畅、水清、岸绿、景美。　　在防洪易发险情地段，栾娟全面查看了防汛抗洪各项准备工作。同时指出，各有关部门要严格落实巡查责任，加大监测预警和日常巡查力度，按照“预警到乡、预案到村、责任到人”的要求，各乡镇（村屯）要进一步完善防汛减灾应急预案，充实备齐防汛物资和应急抢险队伍，一旦出现险情，立即按照预案启动应急响应。要严格执行24小时值班、领导带班制度，对擅自脱岗漏岗、擅离职守的人员要严肃追责问责，以铁的纪律确保防汛责任落实到位，保障辖区居民安全度汛。　　随后，栾娟来到大莫村对俄蔬菜出口生产基地进行调研，在蔬菜种植区现场和村干部进行了深入交谈后，栾娟指出，要立足区域发展实际，坚持集约化、高端化、品牌化发展导向，切实发挥国家级台湾农民创业园的示范引领作用，加速引进台湾农业先进生产要素，加快推进核心区高端果蔬展示棚室和物联网应用平台等项目建设，不断促进乡村产业兴旺发展。
65,西安区人大常委会到海南乡对中兴村申办2A级景区工作开展调研,2018-07-30,2018-07-30,牡丹江-西安日报,https://www.mdjxa.gov.cn//index.php?c=article&id=19761,为更好地推进我区乡村旅游业的发展，7月26日，区人大常委会副主任文晓峰到海南朝鲜族乡，对中兴村申请国家2A级景区情况进行实地调研。区商务旅游局负责同志参加调研。　　调研组来到海南朝鲜族乡中兴村实地察看，听取了区商务旅游局负责同志对中兴村申办2A级景区工作情况的汇报。　　近年来，区委区政府不断加大对中兴村的投入，通过一系列改造，使中兴村成为了牡丹江市周边最具朝鲜族民俗特色的靓丽新村。目前，南山初级滑雪场项目、朝鲜族养老设施及民俗馆等项目正在积极推进中。　　调研组指出，中兴村的旅游发展要借助西安区旅游业快速发展的契机，乘势而上，积极拓展发展空间，带动周边村，科学合理做好发展规划，整合提升旅游资源。　　调研组强调，要加大景区基础设施建设力度，加强中兴村朝鲜民俗特色的推介宣传，深入挖掘历史文化内涵，开发旅游文化商品，充分调动各方面积极性，集中优势资源，共同参与景区申办。
64,市委常委、统战部长王钢到牡丹街道调研,2018-07-31,2018-07-31,牡丹江-西安日报,https://www.mdjxa.gov.cn//index.php?c=article&id=19765,7月26日，市委常委、统战部长王钢到牡丹街道调研指导统战工作。区委副书记、统战部长张海峰及牡丹街道主要负责同志参加调研。　　调研组参观了牡丹街道具有朝鲜族特色的公共服务大厅和活动阵地，翻阅了《牡丹视点》、《民族团结知识手册》及社区治理等相关资料；听取了促进非公企业发展、推进民宗工作、统战工作的汇报，围绕充分利用和发挥统战人士资源、服从和服务经济建设等方面工作与相关负责同志进行了深入交流。　　调研组指出，要结合实际，充分发挥街道和社区功能，凝聚统战力量，服务好辖区居民，积极发挥统战桥梁作用，让更多的新的社会阶层人士团结在党的周围，助力地方经济社会发展。　　调研组要求，要强化意识，搭建平台找准工作着力点，从基础入手做好基层统战工作，积极为社会各界统战人士搭建互动平台，将他们团结在党的周围，引导他们为基层统战工作做出新的贡献。
63,温春镇开展山洪灾害防御避险救援应急演练,2018-08-02,2018-08-02,牡丹江-西安日报,https://www.mdjxa.gov.cn//index.php?c=article&id=19766,"为了提高遇到山洪灾害后的应急处理能力，确保人民群众的生命财产安全,7月31日，温春镇双龙村组织该村50余名防洪应急队员进行山洪灾害防御避险救援应急演练。区防汛指挥部副总指挥、副区长李新梁，区防汛指挥办公室、温春镇及重点易受山洪灾害村屯相关负责同志参加活动。　　演练集结地点设在双龙村村委会，模拟场景为当地突发强降雨，河流水位急剧上涨，对群众生命财产安全构成威胁，情况危急，需立刻救援转移。镇防汛抗洪指挥部接到该村汛情报警后，立即启动应急预案，人员转移组、抗洪抢险组、医疗救护组、安全保卫组、群众安置组、水情监测组、物资保障组等6个应急工作小组各司其职，迅速启动山洪预警、紧急汇报、启动预案、展开救援、清理现场、安置灾民、解除报警等程序。整个演练过程紧张有序，参演干部反映迅速，受灾群众积极配合，演练顺利完成。　　李新梁要求，要认清形势，切实增强做好山洪灾害防治工作的紧迫感；要清醒地认识到，演练不同于实战，事故救援的困难可能会超出想象和预期；要突出重点，切实抓好山洪灾害防治各项措施落实，要做到责任落实到位，宣传引导到位，预案落实到位，抢险准备到位；要包保到位，对沟道两侧易受山洪威胁的要逐户建立包保台账，确保每一户、每一个人都有一名村干部、党员进行包保，在发生汛情时第一时间将人员转移至安全地带，全力保障人民群众生命财产安全。"
61,区领导开展“八一”走访慰问活动,2018-08-03,2018-08-03,牡丹江-西安日报,https://www.mdjxa.gov.cn//index.php?c=article&id=19774,"为庆祝中国人民解放军建军91周年，在“八一”建军节即将来临之际，7月30日，区人大常委会主任李惠斌,区政协主席梁忠仁,区委副书记、统战部长张海峰，区委常委、组织部长林坤，区委常委、常务副区长孙传宝，区委常委、人武部政委严长谷，副区长李新梁、戴冠宇分三组分别到空63旅、雷达营、牡丹江军分区、武警森林直属大队、预备役步兵师、武警黄金支队、区消防大队、西安公安分局等地开展走访慰问活动。　　每到一处，区领导都向驻地官兵致以节日的祝福和最崇高的敬意，祝愿他们在今后的工作中一切顺利、身体健康，并详细了解官兵的训练和生活情况。　　区领导对官兵们过硬的本领、优良的作风以及为我区经济、社会各项事业发展和人民财产安全所做出的贡献给予了高度赞誉。　　区领导希望，广大驻区部队官兵能一如既往地参与西安区的地方建设、服务地方经济社会发展，发扬部队的优良传统，促进军地共同发展，搞好军民共建，为维护社会安全稳定，营造良好的经济发展环境而继续努力。"
62,西安区召开社区治理和服务创新实验区建设工作推进会议,2018-08-03,2018-08-03,牡丹江-西安日报,https://www.mdjxa.gov.cn//index.php?c=article&id=19773,7月31日，西安区召开社区治理和服务创新实验区建设工作推进会议。区委副书记、区长栾娟主持会议。区人大常委会副主任赵伟，副区长戴冠宇出席会议。区民政局、城建局、创城办、各街道办事处班子成员及27个社区书记参加会议。　　会议听取了各街道办事处主任关于实验区建设、创城工作、物业管理工作情况的汇报，并针对下一阶段重点工作做出具体安排。会议指出，全国社区治理和服务创新试验区建设迎检在即，各办事处、社区要按照“党政同责、一岗双责、齐抓共管”的原则，围绕《关于全国社区治理和服务创新实验区工作方案》内容，结合实际情况和特色优势，创新思维模式，明确工作思路，强化推进措施，确保顺利完成实验区建设迎检任务。　　会议要求，各街道办事处、社区要结合牡丹江市创建全国文明城市契机，进一步加强小区绿化、卫生环境、违建拆除等问题治理，切实解决环境“脏、乱、差”问题；要组织物业管理企业、业主委员会，定期对小区的楼体环境、居住环境、卫生环境进行全面检查，切实保障居民生活环境安全、整洁，同步做好防汛、防火、用电、安全等敏感事项的温馨提示告知，确保服务深入人心、家喻户晓；要坚持“走出去、沉下去”服务管理模式，积极主动解决群众疾苦，化解基层矛盾纠纷，运用科学服务理念做好群众动员、政策宣传、基层服务等各项工作，坚决不能出现社区干部“机关化”问题。
60,市纪委监委到西安区调研廉政宣传教育工作,2018-08-07,2018-08-07,牡丹江-西安日报,https://www.mdjxa.gov.cn//index.php?c=article&id=19783,8月2日，牡丹江市纪委监委宣传部长李维秋到西安区调研廉政宣传教育工作。区委常委、纪委书记、监委主任冯慧杰参加调研。　　调研组实地查看了西安区廉政文化教育展馆，区市场监督管理局、牡丹街道西长安社区和温春镇大莫村等三个廉政建设标准化示范点及温春镇桥头村的廉政文化主题墙。　　调研组要求，要发挥好廉政宣传教育润物细无声的效果，在增强不想腐的自觉上下功夫；要在注重工作创新上下功夫，深化标本兼治，不断筑牢全区党员干部拒腐防变的思想道德防线，努力营造全区风清气正的政治生态。
59,区委常委、政法委书记郭诗忠到南湖社区调研指导工作,2018-08-08,2018-08-08,牡丹江-西安日报,https://www.mdjxa.gov.cn//index.php?c=article&id=19790,为切实解决百姓最关心、最直接、最现实的利益问题，更好的推进社区服务工作，8月6日，区委常委、政法委书记、南湖社区包保领导郭诗忠到南湖社区调研指导工作。　　郭诗忠详细听取了南湖社区负责同志关于社区工作开展情况及社区各项服务工作的汇报；实地查看了社区基础设施、办公设备、环境卫生等工作。　　郭诗忠要求，南湖社区在工作中要充分发挥党建引领作用，因地制宜，科学施策，扎实推进在职党员进社区、与驻街单位、包保领导共同开好党建联席会；针对近期在职党员服务基层的工作，不仅要把问题搜集上来，关键是要做到及时反馈，为居民解决相应的实际困难。　　郭诗忠强调，社区是最基层的服务组织，要坚持以居民为中心，包保领导将一如既往的对社区工作给予大力支持，对工作中遇到的困难予以援助，真正发挥包保领导的作用，更好地推进社区发展，提高社区居民的满意度和幸福感。
58,"西安区开展""法治建设年″主题宣传日活动",2018-08-14,2018-08-14,牡丹江-西安日报,https://www.mdjxa.gov.cn//index.php?c=article&id=19825,"为充分展现西安区""法治建设年″工作成效，营造社会大众支持和参与“法治建设年”的良好氛围，8月10日，西安区在西三广场开展了“弘扬宪法精神 建设法治西安”主题宣传日活动。市司法局局长张凤刚，区委书记宋景东，区委常委、政法委书记郭诗忠，副区长戴冠宇参加活动。　　本次活动以“弘扬宪法精神，建设法治西安”为主题，着重宣传与老百姓生活息息相关的法律法规。共17个职能部门，5个律师事务所现场解答各类问题，现场发放法治宣传手册和法律援助指南。　　通过此次活动，进一步增强了群众的宪法意识，为西安区各项工作的开展营造了良好的法治氛围，为法治西安建设打好群众基础。下一步，西安区将开展普法宣传进企业、进乡村、进校园、进社区等 ""走进基层″活动，让法治宣传真正走入人民群众的日常生活。"
56,西安区政府十五届十九次常务（扩大）会议召开,2018-08-21,2018-08-21,牡丹江-西安日报,https://www.mdjxa.gov.cn//index.php?c=article&id=19847,8月20日，西安区政府十五届十九次常务（扩大）会议在六楼多功能会议室召开。区委副书记、区长栾娟主持会议。区人大常委会主任李惠斌，区政协主席梁忠仁，区委副书记、统战部长张海峰，区委常委、组织部长林坤，区委常委、纪委书记、监委主任冯慧杰，区委常委、政法委书记郭诗忠，副区长李新梁、戴冠宇出席会议。区直各相关单位、各乡镇党政主要负责同志，驻村第一书记及相关行政村主要负责同志参加会议。　　会议逐一听取了各相关单位、行政村支部书记关于脱贫攻坚问题整改方案和台账落实、危房改造、饮水安全、政策帮扶、产业扶贫等工作推进情况，对下一阶段脱贫攻坚、“河长制”和环保工作提出了具体要求。　　会议指出，脱贫攻坚工作启动以来，各相关单位能够紧紧围绕“两不愁、三保障”基本原则，扎实推进建档立卡、政策帮扶、民生保障等各项扶贫措施落实。但在实施推进精准扶贫过程中，仍面临不容忽视的困难和问题，各相关单位要结合自身实际对照全市扶贫督查组反馈的问题，认真反思、找准症结，立行立改，全力推进扶贫各项任务落实见效，确保如期完成脱贫攻坚目标。　　会议要求，各包保处级领导、乡镇党政领导、村“两委”班子、包村干部要高度重视，将扶贫工作作为当前重要政治任务，切实增强责任感和紧迫感，坚持问题导向，加强组织保障，整合多方资源，统揽脱贫攻坚工作；各相关单位要狠抓落实，按照责任分工，尽快完善扶贫问题整改方案、建立健全扶贫整改台账。加快推进危房改造和农村饮水安全工程建设，并出具房屋安全鉴定和水质监测报告。强化扶贫资金监管，核准贫困户收入、支出账目，确保专款专用；卫计、人社、教育、民政等职能部门要精准施策，按照“因户施策、一户一策”扶贫标准，对贫困户基本医疗、义务教育、大病救助等方面，采取可行性保障措施，扎实做好精准扶贫社会救助保障兜底工作。　　会议强调，各包保领导和相关单位要认真对照“河长制”督查工作存在问题，紧密结合“河长制”六大任务和工作职责，严格执行巡河工作制度，加强河道治理和沿线管理，全面提升河道环境卫生。同时，结合环保督查工作，集中治理水域岸线垃圾污染、畜禽养殖废弃物排污、农药化肥污染等环境问题，努力打造生态优美水环境。
57,西安区召开区委中心组理论学习（扩大）会议,2018-08-21,2018-08-21,牡丹江-西安日报,https://www.mdjxa.gov.cn//index.php?c=article&id=19846,为深入学习贯彻习近平新时代中国特色社会主义思想和党的十九大精神，落实党管意识形态和党管武装工作要求，深化全区领导干部对意识形态工作的认识，以及进一步宣传国防知识，增强全民国防意识，8月16日，西安区委中心组理论学习（扩大）会议在六楼多功能会议室召开，专题学习意识形态责任制和国防教育相关内容。会议由区委书记宋景东主持，区委中心组成员及区直各部门，乡镇、街道办事处主要负责同志参加会议。　　会上， 区人民武装部副部长闫守利以《适应新时代形势任务要求 在新起点上抓好国防动员建设》为题进行了国防教育讲座；各位区委中心组成员就如何落实好当前和今后意识形态工作进行深入学习研讨。　　会议要求，要切实提高对意识形态工作的思想认识，真正重视，做到守土有责、守土负责、守土尽责；要进一步增强“四个意识”，坚定“四个自信”，加强理论武装，不断坚定广大党员群众“四个自信”，增进对习近平新时代中国特色社会主义思想的认同；要加强舆论引导，突出正面宣传，发挥媒体主力军作用，让主流意识形态的影响力、引导力、凝聚力不断增强。要聚焦热点问题，回应关切，防止经济、民生、改革、生态环境等领域问题向意识形态领域传导转化；要注重监测预警，有效防范风险，建立预警监测体系和分析研判机制，切实做好重大突发事件和复杂敏感问题引导，及时阻断错误思想、言论传播渠道。　　会议强调，各级党组织要全面落实省委关于《党委(党组)意识形态工作责任制实施细则》，认真履行抓意识形态工作主体责任，坚持党组织书记站在一线、靠前指挥。充分发挥意识形态工作领导小组作用，统筹抓好全区意识形态工作。坚持把意识形态工作纳入党建工作责任制，纳入领导班子、领导干部目标考核，纳入干部考核体系，作为政治巡察的重要内容。加强对意识形态工作责任制落实情况的督查检查，对因工作不到位、责任不落实而出现问题、造成不良影响的严肃追究责任。
55,区委常委、组织部长林坤到温春村走访慰问精准扶贫户,2018-08-22,2018-08-22,牡丹江-西安日报,https://www.mdjxa.gov.cn//index.php?c=article&id=19852,8月17日，区委常委、组织部长林坤到温春镇温春村走访慰问精准扶贫户赵宝金。驻温春村第一书记及温春村相关负责同志陪同慰问。　　在精准扶贫户赵宝金家，林坤查看了家中的饮水设备及电路安全情况，详细询问赵宝金的近期身体情况、生活现状以及镇村帮扶情况，鼓励他们要树立信心、克服困难，在精准扶贫政策引导下，争取早日实现脱贫致富。　　林坤要求，各级帮扶干部要及时解决贫困户生活中遇到的困难，多帮困难群众想办法、出主意，为他们提供关爱和帮助，要切实将扶贫政策落到实处，帮助困难群众早日脱贫。
54,西安区台湾农民创业园大莫开心农场第二届采摘节盛大开幕,2018-08-23,2018-08-23,牡丹江-西安日报,https://www.mdjxa.gov.cn//index.php?c=article&id=19860,为全面打造西安区城市近郊农业休闲旅游特色品牌，进一步扩大西安区台湾农民创业园和大莫对俄蔬菜出口生产基地知名度和影响力，8月18日，西安区台湾农民创业园大莫开心农场第二届采摘节盛大开幕，区委副书记、统战部长张海峰，副区长李新梁出席活动。千余名市民来到西安区温春镇大莫村体验休闲好时光。　　活动在大莫对俄蔬菜出口生产基地弘吉庄园举行，以“采摘生态绿色果蔬、享受淳朴乡村风情”为活动载体，充分展现西安区“独具生态特色、再现文化魅力、品味乡土气息、彰显美丽风光”的民俗风情特色。　　活动除了采摘美味的水果，新鲜的蔬菜，也可以赏赏景，感受田园的风情。同时也准备了一些有趣的活动，拔河比赛，好玩刺激的骑马、射箭等。　　通过活动，西安区为广大市民提供了一个充满生机，风光秀美的近郊旅游目的地，让更多的朋友走进西安区、了解西安区、亲近西安区。
53,区委副书记、区长栾娟到牡丹街道指导全国社区治理与服务创新实验区结项验收工作,2018-08-27,2018-08-27,牡丹江-西安日报,https://www.mdjxa.gov.cn//index.php?c=article&id=19868,8月22日，区委副书记、区长栾娟到牡丹街道指导全国社区治理和服务创新实验区结项验收工作。　　栾娟实地查看了东丹社区的办公环境及军民融合议事厅，详细了解具有65年历史的阿妈妮读报组与部队官兵的深厚情谊，及近年来社区围绕“创新社区治理、促进军民融合、共建和谐社区”取得的各项工作成果。　　随后，栾娟来到牡丹街道公共服务管理中心，听取街居体制改革后社区剥离政务职能、减负增效、回归自治的工作情况，实地查看了“民族之家”、居民议事厅、社会组织孵化基地和民族文化体验馆。　　栾娟要求，全国社区治理和服务创新试验区建设迎检在即，办事处和社区要按照“党政同责、一岗双责、齐抓共管”的原则，围绕《关于全国社区治理和服务创新实验区工作方案》内容，结合实际情况和特色优势，创新思维模式，明确工作思路，扎实做好迎检准备，确保高质量、高水平通过实验区结项验收。
52,西安区召开2018年玉米、大豆和水稻合法生产者补贴工作会议,2018-08-29,2018-08-29,牡丹江-西安日报,https://www.mdjxa.gov.cn//index.php?c=article&id=19877,为贯彻落实玉米、大豆和水稻生产者补贴政策，保护玉米、大豆和水稻生产者切身利益，保证补贴资金顺利发放，按照《黑龙江省人民政府办公厅关于印发黑龙江省玉米和大豆生产者补贴工作实施方案的通知》（黑政办规〔2017〕13号）部署及国家关于水稻补贴政策的相关要求，8月28日，西安区召开2018年玉米、大豆和水稻合法生产者补贴工作会议。区委常委、常务副区长孙传宝主持会议。区统计局、农业局、财政局及各乡镇相关负责同志参加会议。　　会议要求，各部门要本着实事求是的原则，组织对辖区内玉米、大豆和水稻实际种植者申报的种植面积开展核查工作。做到公开、公平、公正，严禁暗箱操作，防止虚报冒领，确保玉米、大豆和水稻合法实际种植面积真实准确；同时，建立由农业、统计、财政等部门参与的协调机制，负责做好对本辖区内纠纷争议的协调处理。　　会议指出，各部门要提高认识，及时通报各地工作进展情况，及时化解矛盾纠纷，防止因政策落实不到位而发生上访事件；要对面积核实工作认真负责，层层落实责任，对工作弄虚作假、套取资金等违规违法行为，予以严肃处理。　　会议强调，玉米、大豆和水稻合法实际种植面积数据统计调查核实工作是落实补贴政策的关键环节，事关全区玉米、大豆和水稻生产者的切身利益，各有关部门和单位务必高度重视、精心组织、积极推进，确保工作进度和质量。
51,民政部对西安区“全国社区治理和服务创新实验区”结项工作进行实地验收,2018-08-30,2018-08-30,牡丹江-西安日报,https://www.mdjxa.gov.cn//index.php?c=article&id=19882,8月27日-28日，民政部“全国社区治理和服务创新实验区”专家组对西安区第三批“全国社区治理和服务创新实验区”结项验收工作进行了实地验收。省民政厅副厅长谭士伟，省民政厅基层政权和社区建设处处长陈阵，副处长李抗，市政府副市长杜吉君，市民政局副局长崔刚，区委书记宋景东，区委副书记、区长栾娟，区人大常委会副主任赵伟，副区长戴冠宇等省、市民政部门相关负责同志陪同检查。 　　实地考察阶段，验收组实地查看了牡丹街道东丹社区、火炬街道利民社区的党建引领、协商自治、三社联动及特色建设；详细了解了街道公共服务管理中心和小区环境治理两个典型案例；与社区工作人员和居民进行了座谈，就居民满意度情况进行了问卷调查。　　实地考察后，验收组与省、市、区民政部门相关负责同志召开了“全国社区治理和服务创新实验区”结项工作汇报会。听取了西安区委、区政府对实验区工作的汇报和区委组织部、区司法局负责人对参与实验区建设工作情况的汇报；就我区社区治理和服务创新工作进行了提问交流和意见反馈。　　会议指出，西安区委、区政府高度重视实验区工作，按照全国社区治理和服务创新实验区工作方案，统筹推进，勇作为、有担当，社区治理和服务水平有很大提升，得到了百姓的认可。特别是在党建引领、服务资源共享、社会力量参与以及引入市场力量进入社区解决社区养老问题等方面都形成了可复制、可推广的成果。验收组希望，西安区能进一步总结提炼，聚焦社区标准化建设、社区治理工作、网格化管理、“四室”和人才队伍建设等方面，在社区治理和服务创新的道路上不断贡献“西安区力量”。
50,市政协主席闫岩到西安区慰问抗战老兵,2018-08-31,2018-08-31,牡丹江-西安日报,https://www.mdjxa.gov.cn//index.php?c=article&id=19894,8月29日，市政协主席闫岩走访慰问了我区抗战老兵王冀杰，为老人送去了慰问金及慰问品。区委副书记、区长栾娟及市民政局相关负责同志陪同。王冀杰今年91岁，于1945年2月1日入伍，曾参加过新宝安、晋安、高碑店、元氏县等战役。　　闫岩关切地询问老人的身体、生活起居及家庭情况，感谢他为国家和人民做出的贡献。　　闫岩叮嘱老人好好保养身体，安享幸福生活，同时嘱咐老兵的子女在各方面照顾好老人，有困难及时反映，党和政府一定会按照政策予以帮助解决。　　闫岩指出， 参加过抗战的老同志们在抗日战争和解放战争时期出生入死，英勇战斗，为民族独立解放立下卓著功勋，他们现在大多都已成耄耋老人，对他们一定要生活上多关心，身体上多照料、情感上多沟通，使抗战老兵们身心愉悦，颐养天年。
49,西安区迎接省农村人居环境整治工作专项督察,2018-09-03,2018-09-03,牡丹江-西安日报,https://www.mdjxa.gov.cn//index.php?c=article&id=19895,为全面贯彻落实中央、省《农村人居环境整治三年行动方案》相关要求，加快推进全省农村人居环境整治工作，8月28日，省督察组对西安区农村人居环境整治工作进行专项督察。市农委主任吴永奎，副主任张永儒，区委常委、常务副区长孙传宝及区农业局、乡镇相关负责同志陪同。　　督察组先后来到海南朝鲜族乡福兴村、中兴村，以实地督察和书面督察相结合的方式，了解全区农村人居环境整治推进情况。听取了西安区对农村生活垃圾、生活污水、厕所革命、村容村貌提升、村庄规划编制、完善建设和管护机制等重点工作任务推进落实情况进的汇报。　　督察组要求，西安区要探索推行“户分类、村收集、镇转运、县（市区）处理”的垃圾处理模式；采用BOT招标方式，引进社会资本，通过“统一建设、运维，村级回购”的方式，实现农村生活污水治理；要努力建设规划有序、居住安全、村容整洁、环境优美的美好家园。
48,西安区召开创城工作推进会议,2018-09-07,2018-09-07,牡丹江-西安日报,https://www.mdjxa.gov.cn//index.php?c=article&id=20002,9月4日，西安区召开创城工作推进会议。会议由区委常委、宣传部长康永生主持。区文明办及各街道、社区相关负责同志参加会议。　　会上，区文明办主任李雪菲对全区清理整顿乱贴乱画小广告工作进行再安排、再部署；对近期将要开展的创城工作拉练检查活动提出具体要求。　　会议指出，乱贴乱画小广告是久治未果的顽疾，既有碍城市观瞻，更影响文明城市创建，各相关单位要按照疏堵结合、强化教育、注重引导、严管重罚、各负其责的原则，全区上下，人人参与，齐抓共管，打一场清理整理城市“牛皮癣”的人民战争，进一步净化城市空间，推进全国文明城市创建。　　会议要求，全区各街道、社区在迎接本次创城工作拉练中要高度重视，提高认识。切实增强责任感和使命感，以高度的自觉性和主动性做好创城各项工作，街道指导好社区，社区打造好小区，实现标准点位和示范点位同步建设；要精心准备，充分展示。紧紧围绕创城工作的总体思路、目标要求、具体做法、下步打算、先进经验以及涌现的典型人物进行全方位呈现和展示；要相互借鉴，共同提高。把工作做得再细一点、再深入一些，把好的经验做法进行推广，让百姓从中得到更多的实惠，共享文明成果。
43,西安区组织开展创城工作拉练检查,2018-09-17,2018-09-17,牡丹江-西安日报,https://www.mdjxa.gov.cn//index.php?c=article&id=20027,9月12日-14日，西安区组织开展创城工作拉练检查。区委副书记、统战部长张海峰，区委常委、宣传部长康永生，副区长戴冠宇，区文明办、区城建局，各街道办事处主要负责及相关同志、各社区书记参加活动。　　此次拉练活动先后对全区27个社区、27个小区进行实地观摩、查找问题、现场交流、实地打分，综合排名。　　在社区检查过程中，检查组严格按照《牡丹江市创建全国文明城市实地考察测评标准》，查看了各社区办公环境秩序、公益广告宣传、精神文明建设、创城活动开展及材料归档等创建情况，并逐项对标评比。　　在小区检查过程中，检查组重点听取了物业公司及业主自治委员会在创城工作中的主要做法，与物业公司经理及业主代表就小区规范管理进行了深入细致的交流，针对增设便民服务设施，有效开展文明志愿服务等工作提出具体要求。　　通过此次拉练检查，充分展示了创城工作所取得的阶段性成果，也为各街道、社区搭建了一个相互学习、相互借鉴、取长补短、共同提升的平台。　　下一步，西安区还将召开座谈会，认真总结此次拉练检查中发现的问题，建立常态化工作机制，以“钉钉子”的精神抓整改、抓落实，持续攻坚，强化监督问责，确保创城工作的扎实推进。
44,副区长李新梁到温春镇督导检查精准扶贫工作,2018-09-17,2018-09-17,牡丹江-西安日报,https://www.mdjxa.gov.cn//index.php?c=article&id=20026,9月12日，副区长李新梁到温春镇督导检查精准扶贫工作。温春镇相关负责同志参加检查。　　李新梁来到楼房村、温春村贫困户家中、查看精准扶贫信息档案，听取了驻村工作组负责人的汇报，详细了解精准扶贫工作开展情况；与镇精准扶贫包保领导、干部及驻村第一书记进行了座谈交流。　　李新梁要求，镇扶贫办和村“两委”要切实提升驻村帮扶工作实效，充分运用好扶贫政策，确保各项惠农政策和奖补政策落实，确保贫困户稳步增收、如期脱贫。　　李新梁强调，脱贫攻坚正处于最关键的时期，各部门要认识到精准扶贫工作的重要性和紧迫性，加强政策的学习，切实发挥主体作用，积极宣传精准扶贫政策；要切实履行好主体责任，逐级传导压力，层层落实脱贫攻坚责任；要充分发挥农村基层党组织的战斗堡垒作用，担当担责，真抓实干，高质量推进精准扶贫工作落实，不断增强人民群众获得感和幸福感，为如期实现全面脱贫，全面建成小康社会贡献力量。
45,西安区召开固定资产投资推进会议,2018-09-17,2018-09-17,牡丹江-西安日报,https://www.mdjxa.gov.cn//index.php?c=article&id=20024,9月11日，西安区召开固定资产投资推进会议。会议由区委副书记、区长栾娟主持。区委副书记、统战部长张海峰，区委常委、宣传部长康永生，区委常委、常务副区长孙传宝，区委常委、政法委书记郭诗忠，区人大常委会副主任赵伟、副区长李新梁、戴冠宇出席会议。全区各承标部门负责同志参加会议。　　会议通报了截止9月11日全区各承标部门招商引资、固定资产投资完成情况，制定并下发了《西安区2018年固定资产投资任务分解及考评调整办法》。　　会议强调，要提高思想认识。固定资产投资是拉动经济发展的重要动力，各单位要引起高度重视，强化责任担当，始终把抓项目、添投资作为长期的工作重点，充分发挥项目带动和投资拉动作用，加快推进项目前期、开工进度，促进项目顺利实施；要强化效能服务。各单位要认真对照全年指标任务，细化工作措施，按照时间安排和时序要求，把工作任务排到每一个节点，把责任包干到每一个人，确保项目建设日见成效；要落实通报机制。各责任单位要进一步加大对固定资产投资任务的督查力度，实行定期排名通报，对进展缓慢部门下发预警通知，逐条逐项跟踪督办，确保如期完成目标任务。
46,区委副书记张海峰到海南乡福兴村调研驻村第一书记工作开展情况,2018-09-17,2018-09-17,牡丹江-西安日报,https://www.mdjxa.gov.cn//index.php?c=article&id=20022,9月7日，区委副书记张海峰到海南乡福兴村调研驻村第一书记工作开展情况。区委办、海南乡党委相关负责同志陪同。　　张海峰首先听取了驻村第一书记赵青对福兴村贫困户的基本情况、致贫原因、存在困难，村“两委”班子的帮扶措施以及村屯环境整治工作的汇报。对福兴村切实提高认识、创新工作方法，开展具有针对性的精准扶贫、精准脱贫和环境整治工作给予充分肯定。　　张海峰指出，消除贫困、改善民生、逐步实现共同富裕，是党中央赋予各级党委的重要使命，是必须完成的政治任务，福兴村“两委”要发挥好基层战斗堡垒作用，狠抓落实，提高执行力，坚决完成上级布置的各项工作任务。　　针对福兴村重点贫困户脱贫工作，张海峰要求，做好精准扶贫工作，关键是根据其因病致贫的具体情况，不仅要落实好医疗、低保等方面政策兜底帮扶措施，还要注重产业脱贫，提升贫困户致富能力，有效降低脱贫后“返贫”的风险。　　张海峰强调，农村环境整治是实现乡村振兴的当头炮，要高度重视，常抓不懈；要巩固整治效果，促进百姓养成良好的环境卫生习惯；要探索建立保持整治成果长效机制，建成美丽乡村示范村。
47,西安区举行“最美心灵——献给老师的歌”庆祝第34个教师节文艺汇演暨“最美教师”颁奖...,2018-09-17,2018-09-17,牡丹江-西安日报,https://www.mdjxa.gov.cn//index.php?c=article&id=20019,三尺讲台挥洒着无悔的青春，一块黑板上抒写着大爱的年轮，9月10日，西安区“最美心灵——献给老师的歌”庆祝第34个教师节文艺汇演暨“最美教师”颁奖典礼在文化交流中心举行，向全区700余名在职教师以及所有离退休的老教师致以节日的问候。　　区委书记宋景东，区委副书记、区长栾娟，区人大常委会主任李惠斌，区政协主席梁忠仁，区委副书记张海峰，区委常委、组织部长林坤，区委常委、纪委书记、监委主任冯慧杰，区委常委、宣传部长康永生，区委常委、政法委书记郭诗忠，区人大常委会副主任刘成莹、文晓峰、赵伟，副区长李新梁，区人武部部长李军，区政协副主席银宇涛出席活动。区教育文化体育局及区直各相关部门负责同志参加活动。　　岁月的风尘包含着您的精神，花样的年华绽放着您最美的青春，开场歌舞《老师》仿佛将所有人带回学生时代，回想起恩师的谆谆教诲。　　随后，歌舞《心画》表达着教师用崇高的信仰，坚守着满腔的赤诚，用睿智果敢在教育事业开创了最美的征程，情景表演诗朗诵《你是一粒雪》展现了年轻教师不断努力，逐渐成长为一位位研究型中青年教师，他们用扎实的功底、强劲的实力，为西安区教育事业贡献力量。　　情景朗诵《粉笔黑板交响曲》彰显了可爱可敬的教师年复一年、日复一日的默默耕耘。一连串校园金曲诉说着每个学生无助与迷茫时，总能看见老师关怀的双眼，为他们支路前行。最终，演出在歌舞《不忘初心》的优美旋律中落下帷幕。　　活动中，还授予季永财、魏海芳、郭雪煜等十位教师“最美教师”称号。下一步，西安区将不忘初心，以更高的认识，更大的决心，更强的行动，砥砺前行，形成人人关心教育，时时关注教育，事事支持教育的浓厚氛围，不断开创教育改革和发展的新局面。
42,西安区召开创城拉练观摩座谈会,2018-09-18,2018-09-18,牡丹江-西安日报,https://www.mdjxa.gov.cn//index.php?c=article&id=20030,9月17日，西安区召开创城拉练观摩座谈会。区委副书记、统战部长张海峰，副区长戴冠宇出席会议。区委常委、宣传部长康永生主持会议。区文明办、各街道办事处主要负责及相关同志及各社区书记参加会议。　　会上，江滨街道联合社区、火炬街道利民社区、先锋街道西三社区、牡丹街道西长安社区围绕环境整治、志愿服务、典型选树和社区治理等方面进行了经验交流；会议对此次拉练检查活动进行了点评、总结；对下一阶段创城工作进行再安排、再部署。　　会议指出，上一阶段，各街道、社区转变观念、扎实工作，积累经验，增强信心，创城工作取得阶段性的成果，但在总结经验的同时，也要深刻认识到面临的差距和不足，在下一阶段工作当中进一步明确任务，落实责任，创新思路。　　会议要求，要坚持问题导向、对标达标，根据本次拉练中发现的问题，对标提质，立行立改，明确思路和方法，标本兼治，抓紧推选出业主委员会，进一步推进创城工作各项工作；要提升工作标准、常态创城，按照《全国文明城市测评体系》标准，对标达标，在完成规定动作的基础上，真正实现为民创建，创建为民的目标，让群众的口碑成为创城工作的最高标准；要发挥典型引路，示范带动的作用，结合工作实际，打造创城工作品牌，积极选树先进典型，以点带面，让居民都能关心创城、参与创城、支持创城；要注重发动群众，共建共享，引导居民积极参与，更好地发挥创城工作中群众的主体作用，完善社区民主协商机制，形成全民参与，全民创建，齐抓共管的良好态势。　　会议强调，各相关单位要以此次拉练活动为契机，深入查找不足，督促整改，对创城工作中发现的问题和不足要建立工作台账，明确整改目标，责任分工以及完成时限，增强信心，掌握方法，勇于担当，做到绵绵用力，久久为功。
40,西安区召开禁止秸秆露天焚烧工作会议,2018-09-20,2018-09-20,牡丹江-西安日报,https://www.mdjxa.gov.cn//index.php?c=article&id=20056,"9月19日，西安区召开禁止秸秆露天焚烧工作会议。区委书记宋景东出席会议并讲话。区委副书记、区长栾娟主持会议。区委、区人大、区政府、区政协相关领导，西安公安分局、先锋公安分局主要负责同志，区直各相关部门，各乡镇党政负责同志，乡镇包村干部及各行政村相关负责同志参加会议。　　会议传达了省、市委关于做好禁止秸秆露天焚烧工作的批示、《黑龙江省禁止秸秆露天焚烧工作奖惩暂行条例》、全市禁止秸秆露天焚烧工作会议精神；区政府与温春镇、海南乡签订了禁止秸秆露天焚烧责任状。　　会议要求，要认清形势，高度重视秸秆禁烧工作，提高政治站位，强化责任担当狠抓推进落实；严格落实属地责任，严肃追责问责，始终坚持问题和目标导向，既严格落实法治管控，又依靠产业和市场建立长效机制；要加强组织领导，推进网格管理，建立网格化防控组织，科学设置管理网格,进一步完善区、相关部门、乡镇、村四级防控体系，将管理责任层层分解，实行分片包干、分级负责，确保责任落实横向到部门、纵向到村，全面夯实工作责任，形成党委政府实施、环保部门统一协调、相关部门各负其责、社会各界广泛参与的禁止秸秆露天焚烧管理体系；要加大宣传力度，充分利用各种形式，把有效解决秸秆露天焚烧有关法律、法规和政策文件宣传到村到户到人，大力开展正面典型的宣传和反面典型的警示教育，带动克服陈规陋习，逐步形成禁止禁烧秸秆的思想和行动自觉；要强化检查督查，加大联合执法力度，镇、村两级要分别成立巡查小组，对重点村、重点路段、重点区域进行巡查，实行严格的考核奖惩，建立有效解决秸秆露天焚烧巡查24小时值班制度，发现焚烧火点和上级通报的火点，第一时间组织查处，对不听劝阻、恶意焚烧者依法严厉打击。要加强责任落实，强化责任追究，各相关部门、人员要落实好责任，区纪委监委要严格落实《黑龙江省禁止秸秆露天焚烧奖惩工作暂行规定》，对防控不力的行为进行严肃追责问责。　　会议强调，各相关责任部门要牢固树立“四个意识”，坚决落实好省市相关会议和文件精神，切实把禁烧秸秆工作纳入议事日程，抓实抓好，确保禁止秸秆露天禁烧决战决胜。"
41,西安区召开第四次全国经济普查启动大会,2018-09-20,2018-09-20,牡丹江-西安日报,https://www.mdjxa.gov.cn//index.php?c=article&id=20055,为扎实做好西安区经济普查工作，摸清辖区内法人单位、产业活动单位和个体经营户的经营状况，9月18日，西安区召开第四次全国经济普查启动大会，部署第四次经济普查各项工作。区委常委、常务副区长孙传宝出席会议。区普查办主要负责同志，区经济普查领导小组各成员单位、各乡镇、办事处及辖区行政村主任、社区书记等参加会议。　　会上，区普查办通报了我区第四次经济普查前期工作开展情况；并安排部署下一阶段重点工作。　　会议指出，各单位要提高政治站位，充分认识第四次经济普查的重要性。摸清“家底”，为今后科学决策奠定基础，着重把握“三新”经济，推动我区高质量发展，推动信息共享，实现国家治理体系和治理能力现代化，切实落实中央决策，提高统计数据的真实性。　　会议要求，要聚焦数据质量，全面落实第四次经济普查的工作要求。强化普查业务规范，保障普查结果不失真、原始数据不掺水；要坚持依法依规普查，严格执行统计法和修改后的经济普查条例等相关规定；要注重内容方法创新，充分利用新技术、新手段提升普查效率，结合实际加强对“三新”经济的统计，强化普查成果运用，加大普查数据的公开力度，丰富普查数据发布手段，切实做好普查数据的解读、开发和应用。　　会议强调，要加强组织领导，各乡镇、办事处，各部门要统筹安排、精心组织，各司其职、各尽其责把经济普查工作落到实处；要强化宣传动员，扩大普查知晓度，提高普查数据质量，提升普查效率；要强化督促检查，建立健全督办制度，对照方案确定时间节点和任务进度，认真开展自查自纠，发现问题并尽早查漏补缺。
39,西安区人大常委会举行人大代表联络站揭牌仪式,2018-09-21,2018-09-21,牡丹江-西安日报,https://www.mdjxa.gov.cn//index.php?c=article&id=20060,为切实加强人大代表与人民群众的联系，认真倾听、反映和落实好人民群众的意见、建议和诉求，充分发挥人大代表“为民代言、为民行权”的作用。9月18日，西安区人大代表联络站集中启动暨揭牌仪式在火炬街道利民社区举行。区人大常委会主任李惠斌，区人大常委会副主任赵伟出席活动。区人大常委会机关各部门负责人、乡镇人大主席、街道代表团团长、部分区人大代表、选区群众代表和人大代表联络站工作人员参加活动。　　启动仪式上，区人大常委会主任李惠斌为利民社区人大代表联络站揭牌，并听取了社区联络站建设及运行情况的介绍。　　李惠斌要求，要把人大代表联络站建设成为宣传法律的“好课堂”，积极向广大选民宣传宪法、法律法规，党的路线、方针、政策及人民代表大会制度，通报辖区经济社会发展情况;要把人大代表联络站建设成为接待选民的“主阵地”，组织代表积极围绕区委、区政府的工作重点和人民群众普遍关注的热点、难点、焦点问题，倾听群众呼声，并向选民述职;要把人大代表联络站建设成为改进工作的“助推器”，广泛搜集民意，对“一府两院一委”工作提出建议、批评和意见，切实维护人民群众的合法权益；要通过人大代表联络站的建设，打通人大代表联系、服务群众的“最后一公里”，积极为民代言，主动履行代表职责，为西安区的繁荣发展作出应有的贡献。
38,区委书记宋景东到海南乡和温春镇调研,2018-09-26,2018-09-26,牡丹江-西安日报,https://www.mdjxa.gov.cn//index.php?c=article&id=20074,9月22日，区委书记宋景东到海南乡福兴村和温春镇烧锅村对扶贫、宗教、河长制和秸秆露天禁烧工作进行了调研。副区长李新梁，区委办、农业局、环保局相关负责同志参加调研。　　调研组先后来到海浪河、福兴村、烧锅村等地，通过实地走访后，宋景东提出四点要求。一是认真落实河长制责任。要从小事和细节入手，经常开展巡河活动，发现问题及时解决，坚决防止水源地污染。各级河长要切实肩负起巡河、管河、治河、护河职责，做到守河担责、守河尽责。要加快编制“一河一策”方案，明确任务目标、管控措施和责任，分类施策、分类整治，全面提升水环境。二是扎实开展宗教工作。切实提高政治站位，充分认识我区宗教工作特殊性和重要性。要建立区、乡镇、村三级宗教工作网络，切实把宗教工作抓实抓好。三是全力推进精准扶贫。各扶贫开发领导小组成员单位要知责明责，全面履职尽责。要抓紧落实扶贫资金，确定扶贫项目，增强扶贫工作的长效性。要加快解决全区扶贫督查中发现的问题，进一步提升扶贫工作整体成效。要严格落实精准脱贫验收标准及认定程序，确保精准退出。要进一步宣传好扶贫政策，提升群众的认可度。四是切实抓好秸秆禁烧工作。要强化宣传、提升认识，发好宣传单、签好责任状，保证家喻户晓，让百姓认识到此项工作的重要性和严肃性。要发挥党员先锋模范作用，在带头禁烧秸秆的同时，耐心做好村民的思想工作，引导群众正确对待禁烧秸秆工作。要落实好乡镇、村主体责任，下真功夫严看死守，看好管住每一家、每一户，确保不点一把火。要以“堵”为主，以“输”为辅，想办法做好秸秆集中处理工作，解决好百姓担忧的问题。要全面落实好省市有关精神和要求，务求取得扎实成效。　　在同村“两委”班子成员座谈时，宋景东强调，要充分发挥村级党组织战斗堡垒作用，发挥党建引领作用，用党建带动村集体经济发展、扶贫、环境整治、宗教等各项工作开展。要采取有效举措推进党建工作，以为民服务为主线，设计好党建工作载体，做到党建工作项目化、可量化，把党建工作落到实处。要密切同群众的联系，村“两委”班子成员要经常深入群众家中做思想工作，了解村民实际困难，倾听群众需求，正确对待某些群众的不满情绪，用始终为群众办实事做好事的韧劲赢得百姓的信赖和认可。　　最后，宋景东又深入贫困户家中，详细了解贫困户的经济来源、日常支出、医疗等方面的情况，认真审阅了贫困户档案，鼓励贫困人员坚定信心，相信在党和政府的帮助下，生活会越来越好。
36,西安区召开物业管理工作推进会议,2018-09-30,2018-09-30,牡丹江-西安日报,https://www.mdjxa.gov.cn//index.php?c=article&id=20080,为进一步理顺物业管理体制和机制，明确管理职能，全面提升物业服务质量和服务水平，9月28日，西安区召开物业管理工作推进会议，安排部署今后一段时期物业管理重点工作。区委副书记、统战部长张海峰，副区长戴冠宇出席会议。区委常委、宣传部长康永生主持会议。市房产局、市物价局、市长热线电话办、市建设局质量监督站相关负责同志，区直相关部门负责同志、各街道办事处、社区书记、辖区物业企业负责人、业主委员会代表参加会议。　　会上，观看了《西安区物业管理“乱象”警示》专题片；通报了西安区2018年上半年物业企业考核结果；牡丹街道、江滨社区、新阳物业、福兴小区分别做物业工作经验交流；宣读了《关于进一步加强物业管理工作的意见》；对全市物业管理体制调整以来西安区物业工作进行总结，对下步重点工作进行安排部署。　　会议指出，今年是全市新一轮创城的开局之年，也是全区物业行业转型升级的关键之年。当前全区物业管理工作整体水平仍然不高，物业服务的总体质量与群众对美好生活的新期待与新要求仍有差距。　　会议要求，要坚持全面推向市场化的思路不动摇，以提升群众满意度为目标，紧紧围绕提高物业服务质量和水平这个核心，认真做好规范物业管理体制和理顺工作协调机制，着力提升物业管理服务质量；要加强小区业主自治管理，加强行业管理考评等重点工作，以点促面，扎实推进全区物业管理工作提档升级。　　会议强调，围绕提升物业服务质量和水平这一总目标，结合《关于进一步加强西安区物业管理工作的意见》，今年和明年要重点做好三方面工作：一是坚持分类管理，按照质价相符的原则规范和指导物业服务，各物业企业要根据各小区的实际情况，根据居民的实际服务需求情况，加强对话和协商，以服务促进收费，以服务开拓市场，以服务树立品牌和口碑；二是强化行业专业化培训，不断加强物业队伍建设，通过学习相关法律法规，加强从业人员技能培训，打造一支技术过硬、素质可靠、责任心强的物业管理队伍；三是坚持问题导向，畅通投诉、受理、化解矛盾的渠道和机制，物业企业、自治小区要增强主体意识，主动听取民意诉求，多做耐心细致工作，同时要设立物业服务热线，保证全天候畅通，使居民反映的诉求及时有响应、有答复、有处理意见。　　会议强调，各相关责任单位要站在以人为本、构建和谐社会的高度，锐意进取，同舟共济，创新发展，扎实工作，为我区物业管理工作走向健康发展的快车道，开创西安区物业管理新局面做出新的更大贡献。
37,西安区人大到江南互联网产业中心调研,2018-09-30,2018-09-30,牡丹江-西安日报,https://www.mdjxa.gov.cn//index.php?c=article&id=20079,9月26日，区人大常委会副主任文晓峰、赵伟及区人大代表到江南互联网产业中心对我区“互联网+产业发展”推进情况开展调研。　　调研组实地查看了黑龙江盛世雪城科技有限公司、牡丹江狼图腾国际旅游集团有限公司和深圳懒人听书项目，听取了三家企业的情况介绍和区工信局对西安区互联网产业中心情况的汇报。　　调研组与相关人员进行了座谈交流，反馈了调研意见。   　　调研组指出，各相关部门要积极引进互联网产业，大力推进互联网+产业发展，引入新科技，激发新动能，助力西安区经济社会发展。　　调研组要求，要明确发展思路，找准发展方向，尤其是要向软件外包产业方向发展，软件行业与其它工业产业不同，要积极引进人才，筑巢引凤，逐渐培育软件产业园；要主动作为，积极为企业排忧解难，为互联网产业发展增添动力；落户企业要加强与区政府的沟通、协调，扩大社会影响力，争取使互联网产业早日成为我市的产业名片，发挥经济效益和社会效益。
34,西安区人大常委会机关党支部开展“支部主题党日”活动,2018-10-12,2018-10-12,牡丹江-西安日报,https://www.mdjxa.gov.cn//index.php?c=article&id=20112,10月9日，区人大常委会机关党支部以“互联网+产业发展”为主题，结合今年人大监督重点，组织全体党员干部到互联网产业中心开展“支部主题党日”活动。区人大常委会党组书记、主任李惠斌、副主任刘成莹、赵伟以普通党员的身份参加活动。邀请区委常委、常务副区长孙传宝参加活动。　　区委常委、常务副区长孙传宝详细介绍了互联网产业中心的基本情况，全体党员干部先后参观了黑龙江盛世雪城科技有限公司、牡丹江狼图腾国际旅游集团有限公司和深圳懒人听书项目，实地听取了三家企业的情况介绍，了解了互联网产业的发展趋势、招商引资政策、项目建设以及企业的运营情况。　　通过这次主题党日活动，区人大常委会机关党支部全体党员干部开拓了视野，增长了见识，今后将根据自己的工作职能，进一步解放思想，锐意进取，增强“四个意识”，做合格党员，为西安区经济建设和社会事业的快速发展贡献力量。
35,西安区建成牡丹江地区首个乡镇级人才“一站式”服务中心,2018-10-12,2018-10-12,牡丹江-西安日报,https://www.mdjxa.gov.cn//index.php?c=article&id=20113,近年来，西安区委高度重视人才工作，紧紧围绕“人才兴区”战略，按照人才服务网络全覆盖的布局，优先保障人才专项资金投入，着力开展基层人才服务站创建工作。初步建成海南朝鲜族乡人才服务中心，并分别在牡丹街道、火炬街道、温春镇烧锅村设立人才服务站，为辖区人才和企业提供政策咨询、学习培训、就业对接、人才引进等服务，切实加强了辖区人才阵地建设，做大了人才服务平台。 　　今年，西安区委结合中央和省市人才工作的总体布局积极探索，围绕海南乡工业园区、牡海公路旅游带和农村实用人才合作社建设，在西安区海南朝鲜族乡创建了牡丹江地区首家乡镇级人才“一站式”服务中心，并通过与牡丹江市就业局联合，将其设为牡丹江市地区乡镇级唯一“就业D图”试点单位。　　海南乡人才服务中心是立足海南乡发展建设需要，为辖区人才搭建的学习充电、交流合作、共谋发展、休闲联谊的服务平台。该平台以“关心人才、爱护人才、服务人才、成就人才”为宗旨，通过开展形式多样的活动，发挥人才交流和服务人才的桥梁纽带作用，进一步提升辖区人才的自豪感和获得感，为全区经济社会发展提供坚实的人才保障。  　　人才服务中心分为一站式服务区、学习充电区和休闲运动区。一站式服务区设置了人才政策咨询、人才数据库登记、人才引进需求登记、人才就业信息发布、人才培训服务和承接辖区人才党组织关系转接、民政、城乡养老保险等综合性服务工作窗口。　　学习充电区设立了远程学习室、电子阅览室和一个小型图书馆。在这里，辖区各类人才可阅读到农业、经济、科技、文化、文学、医学等领域书籍千余本，还可免费浏览下载各类网络期刊，服务中心还会根据《西安区人才培训计划》，按照人才分类和群体差异开展不同批次不同内容的远程培训和考察调研。　　休闲运动区布置了各类健身休闲器材、益智棋类，各类人才在工作之余可到此放松身心、强健体魄、联络感情。　　西安区委、区政府将海南乡人才服务中心作为招才引才、爱才聚才和政策宣传的重要阵地。人才服务中心按照区委、区政府工作安排，依托牡丹江市人才工作网站，创建了西安区人才工作网站，进一步加强了人才政策、区域发展、人才引进等方面的宣传力度。组织制定实行了领导干部带头联系服务人才制度，海南乡党委、政府领导班子成员和党员干部，每人负责联系2—3名域内人才和域内企业，并制作“人才之家服务标牌”，将负责联系人才的领导干部和人才服务中心联系方式广泛告知各类人才和企业，及时掌握各类人才在工作、生活中的诉求，并予以协助解决。让人才感受到家的温暖，激励人才创新创业、贡献才智、不断奋斗。
33,西安区召开迎接国家语言文字工作督导评估推进动员会,2018-10-15,2018-10-15,牡丹江-西安日报,https://www.mdjxa.gov.cn//index.php?c=article&id=20122,近日，西安区召开了迎接国家语言文字工作督导评估推进动员会。副区长、区语委主任李新梁，区语委办主要负责同志、区直各部门分管语言文字工作相关负责同志及联络员参加会议。　　会议根据督导评估核查工作表从四个方面对此次迎评工作进行了安排部署；解析了迎评工作的标准和要求，带领各单位参会人员理清了工作思路，明确了工作任务。　　会议强调，各单位要高度重视迎评工作，充分认识此项工作的重要意义，要切实按照工作安排，细化工作任务，拉出工作清单，将各项工作做细做实；同时，要进一步加大迎检工作宣传，充分利用各种宣传方式和途径，营造良好的迎检氛围，为迎接国家语言文字工作督导评估做好全面准备。
32,西安区召开2018年“准备之冬”产业项目暨经济指标推进会议,2018-10-18,2018-10-18,牡丹江-西安日报,https://www.mdjxa.gov.cn//index.php?c=article&id=20161,10月17日，西安区召开2018年“准备之冬”产业项目暨经济指标推进会议。区委副书记、区长栾娟主持会议。区委副书记、统战部长张海峰，区委常委、常务副区长孙传宝，区人大常委会副主任文晓峰，副区长李新梁、戴冠宇出席会议，全区各承标部门参加本次会议。　　会议通报了截止10月17日全区各承标部门招商引资、固定资产投资完成情况，制定并下发了《西安区2018年“准备之冬”产业项目招商工作方案》。　　会议要求，全区上下要切实增强抓好经济运行的责任感和紧迫感，准确分析研判经济运行形势，认真对照招商引资、固定资产投资、“准备之冬”产业项目任务目标，结合区情实际和项目承载优势，深入挖掘潜力，精准补齐短板，确保顺利完成年初既定目标任务。　　会议强调，要明确责任主体，各牵头部门要严格落实指标任务主体责任，加快推进公共财政收入、固定资产投资、社会消费品零售总额、工业增加值等经济，确保完成全年指标任务；要加快项目建设，各部门要认真贯彻落实《西安区2018年“准备之冬”产业项目招商工作方案》，围绕区域资源禀赋和互联网产业中心、海南中小企业园、温春药业园等平台优势，加大产业项目谋划、包装力度，加快项目签约、开工、竣工进度，以项目建设拉动区域经济发展；要强化指标调度，各承标部门要牢固树立指标意识，增强数据观念，认真对照招商、固投全年指标任务，逐一剖析原因、找准问题症结，明确工作举措和时间节点要求，利用有限时间冲刺第四季度，确保如期完成目标任务。
29,市委常委、市委秘书长赵荣国到西安区开展深化机构改革调研,2018-10-22,2018-10-22,牡丹江-西安日报,https://www.mdjxa.gov.cn//index.php?c=article&id=20168,10月18日，市委常委、市委秘书长、市委深化机构改革工作小组办公室主任赵荣国到西安区就党政机构设置、市区两级事权划分、综合行政执法改革、乡镇（街道）机构改革、相对集中行政许可权改革等问题进行调研。市委副秘书长迟伟林，市编办主任王凤奇，区委书记宋景东，区委副书记、区长栾娟，区委副书记、统战部长、深改办主任张海峰，区委常委、组织部长林坤，区委常委、常务副区长孙传宝及相关部门负责同志参加调研。　　赵荣国听取区人社局、卫计局、安监局、农业局、教育文体局、城乡建设局（环保局）、市场监督管理局等部门就行政执法等领域层级设置、相应机构编制调整的情况汇报；听取了海南乡、先锋街道就目前工作运行情况和存在的主要问题，机构设置、编制调整等方面的情况汇报。　　随后，赵荣国与区委主要领导就机构改革相关问题进行深入研讨交流。
30,中共西安区委召开十届33次常委（扩大）会议,2018-10-22,2018-10-22,牡丹江-西安日报,https://www.mdjxa.gov.cn//index.php?c=article&id=20167,10月13日，区委书记宋景东主持召开中共西安区委十届33次常委（扩大）会议。区四个班子领导，区直各单位，乡镇、街道党政主要负责同志、西安公安分局政委、先锋公安分局政委参加会议。　　会议听取了关于扶贫工作、有效解决秸秆露天焚烧工作及政治生态工作完成情况的汇报。　　会议强调，全区各牵头部门和责任单位要高度重贫困退出验收、扶贫对象动态管理和有效解决秸秆露天焚烧工作，不断增强责任感和紧迫感，层层压实责任，狠抓工作落实，全力以赴做好我区贫困退出验收和秸秆禁烧各项工作，为打赢脱贫攻坚战和污染防治攻坚战做出更大的贡献。　　会议要求，要严格落实处级领导包保责任制，包保领导和包保单位要切实履行职责，深入村（屯）开展宣传指导。要持续加大宣传力度，不断提高政策知晓率。要在扶贫解困、研究产业项目方面下功夫，真正在产业扶贫方面破题。要因地制宜开展农作物秸秆资源化利用，从源头上解决焚烧问题。要加快解决在督查过程中发现的问题，补齐工作中的短板和弱项，圆满完成年度工作任务。　　会议强调，要充分认识建设风清气正政治生态的重大意义，紧紧抓住建设风清气正政治生态的关键环节，坚持牢固树立“四个意识”，坚决贯彻执行党中央和省市委的决策部署。不断增强班子凝聚力，始终坚持正确的选人用人导向，始终保持惩治腐败的高压态势。　　会议要求，要严格遵守政治纪律和政治规矩，在政治立场、政治方向、政治原则、政治道路上同党中央保持高度一致。要进一步明确“一岗双责”制度，严格实施党政主要领导负总责、分管领导负责协调抓、单位负责人抓落实的责任体系，形成一级对一级负责的领导体制和工作机制。对照《关于推进风清气正政治生态建设的实施方案》要求，进一步查漏补缺，及时补课，把这项工作做扎实，做出实实在在的成效。　　会前，与会人员学习了新修订的《中国共产党纪律处分条例》。
31,区委副书记、区长栾娟走访贫困群众和督查禁止农作物秸秆露天焚烧工作,2018-10-22,2018-10-22,牡丹江-西安日报,https://www.mdjxa.gov.cn//index.php?c=article&id=20166,10月17日，区委副书记、区长栾娟到海南乡走访困难群众，督查有效解决秸秆露天焚烧工作。区政府办、海南乡相关负责同志陪同。　　栾娟首先来到了建档立卡贫困户北拉古村张振国和福兴村卢海家中，详细询问了他们目前的基本收入、住房、医疗等生活状况，鼓励贫困群众要树立积极向上的生活态度，以乐观开朗的心态面对生活，依靠各项扶贫政策，早日脱贫；随后，栾娟来到沙虎村田间地头和秸秆禁烧值守点实地查看秸秆禁烧工作落实以及包保人员在位在岗情况。　　栾娟要求，乡镇扶贫干部和村干部要继续研究完善帮扶措施，持续提高扶贫精准性和扶贫政策宣传力度，将各项扶贫工作做深做细做实，不断巩固和扩大扶贫工作成果。　　栾娟强调，各相关单位要严格落实禁烧工作职责，通过高密度、高频次的巡查，及时掌握禁烧工作状态，采取有力有效措施，坚决按照省市委要求杜绝秸秆露天焚烧行为，确保不点一把火、不冒一处烟。
28,西安区开展禁止秸秆露天焚烧和扶贫对象动态管理宣传工作,2018-10-23,2018-10-23,牡丹江-西安日报,https://www.mdjxa.gov.cn//index.php?c=article&id=20170,"按照区委10届33次常委（扩大）会议关于禁止秸秆露天焚烧和扶贫对象动态管理验收工作要求，切实落实处级领导包保责任制，加大政策宣传力度，提高政策知晓率，西安区开展了禁止秸秆露天焚烧和扶贫对象动态管理宣传工作。10月15日至10月19日，利用一周的时间，西安区17名处级领导和30个包保单位深入到全区31个村（屯）进行了禁止秸秆露天焚烧和扶贫对象动态管理宣传工作，共集中入户6744户，将秸秆禁烧政策宣传与扶贫政策宣传相结合，为确保全面禁止秸秆露天焚烧和实现脱贫攻坚提供坚强支撑。　　区委书记宋景东来到温春镇烧锅村，带领村两委班子共同入户开展秸秆禁烧和扶贫政策宣讲工作，细致了解村民意愿心声，耐心解读相关政策制度。　　区委副书记、区长栾娟带领区政府办工作人员到海南乡沙虎村、福兴村、北拉古村走访困难群众，督查有效解决秸秆露天焚烧工作。　　区人大常委会主任李惠斌到温春镇桥头村、海南乡石头沟村宣传扶贫和禁止秸秆露天焚烧政策。　　　区政协主席梁忠仁到温春镇黑山村、海南乡河夹村宣传精准扶贫和禁止秸秆露天焚烧政策。　　区委副书记、 统战部长张海峰带领区总工会、团委、妇联、改革办工作人员到海南乡红旗村、温春镇海浪村宣传精准扶贫和禁止秸秆露天焚烧政策。　　区委常委、组织部长林坤带领区委组织部、区老干部局工作人员到温春镇温春村、海南乡红星村开展禁止秸秆露天焚烧及扶贫相关政策入户宣传工作。　　区委常委、宣传部长康永生带领区委宣传部全体工作人员到海南乡福兴村、温春镇新安村入户宣传禁止秸秆露天焚烧和精准扶贫工作。　　区委常委、常务副区长孙传宝带领区发改局、工信局工作人员到温春镇富民村、海南乡山河村开展禁止秸秆露天焚烧及扶贫相关政策入户宣传工作。　　区委常委、政法委书记郭诗忠带领区委政法委工作人员到海南乡中兴村、温春镇东和村开展禁止秸秆露天焚烧及扶贫相关政策入户宣传工作。　　区委常委、人武部政委严长谷带领人武部工作人员到温春镇敖东村、小莫村开展禁止秸秆露天焚烧及扶贫相关政策入户宣传工作。　　区人大常委会副主任刘成莹带领区安监局、司法局工作人员到温春镇卡路村开展禁止秸秆露天焚烧及扶贫相关政策入户宣传工作。　　区人大常委会副主任赵伟带领区编办、人社局工作人员到温春镇共民村、共荣村开展禁止秸秆露天焚烧及扶贫相关政策入户宣传工作。　　副区长李新梁带领区商务旅游局、农业局工作人员到温春镇双龙村、楼房村开展禁止秸秆露天焚烧及扶贫相关政策入户宣传工作。　　副区长戴冠宇带领区卫计局、民政局工作人员到温春镇大莫村、南江村开展禁止秸秆露天焚烧及扶贫相关政策入户宣传工作。
				来源：区委宣传部"
26,西安区召开人才工作领导小组会议,2018-10-30,2018-10-30,牡丹江-西安日报,https://www.mdjxa.gov.cn//index.php?c=article&id=20184,10月29日，西安区召开人才工作领导小组会议。区委书记、区人才工作领导小组组长宋景东主持会议。区人才工作领导小组成员及成员单位相关负责同志参加会议。　　会议传达了中央、省、市人才工作相关会议精神和《市委组织部、市委宣传部<关于在广大知识分子中开展“弘扬爱国奋斗精神、建功立业新时代”活动的实施方案>的通知》(牡组发[2018]1号)；下发了《西安区关于在广大知识分子中开展“弘扬爱国奋斗精神、建功立业新时代”活动实施方案(征求意见稿)》，拟于2019年在全区开展“营造尊才氛围、学习先优精神、统筹教育资源、优化人才服务”等活动；对2018年各级组织部长工作会议中涉及人才工作的内容进行了集体学习；审议通过了《西安区人才工作领导小组议事规则(征求意见稿)》，确定了领导小组议事内容和议事程序，进一步推动了西安区人才工作科学化、规范化。　　会议强调，西安区人才工作领导小组各成员单位要高度重视人才引进工作，不折不扣落实好中央、省、市人才工作安排部署，要根据本部门工作实际需求情况，制定急需紧缺人才引进计划，明确需要引进什么类型人才、需要人才发挥什么作用、人才引进后的工作目标，通过引进急需紧缺人才，为西安区社会经济发展提供人才保证。
27,市委保密办（市国家保密局）到西安区对保密工作进行检查指导,2018-10-30,2018-10-30,牡丹江-西安日报,https://www.mdjxa.gov.cn//index.php?c=article&id=20183,10月24日，市委保密办（市国家保密局）主任李淑珍带队到西安区对2018年度保密工作进行检查指导，区委副书记、统战部长、区委保密委员会主任张海峰，保密委员会相关负责同志陪同。　　检查组听取了西安区年初以来保密工作开展情况的汇报，详细了解了我区保密自查自评，定密管理、普法宣传、涉密载体管理、涉密计算机安全防护等方面工作开展情况；到组织部、宣传部等7个涉密单位针对涉密文件制发和保存、涉密计算机管理和使用等情况进行检查验收，对验收过程中发现的涉密材料管理、涉密计算机使用等方面存在的不足进行了反馈。　　检查组指出，西安区不断加大保密工作资金投入、保密支出列入财政预算并予以优先保障、坚持开展自查自评和专项检查指导、始终完善保密工作制度、狠抓严把涉密载体和信息管理、切实开展保密宣传教育等做法给予肯定。检查组强调，保密工作事关国家政治安全、国防安全和经济安全，西安区要进一步强化保密工作的责任感、使命感，以高度负责的态度抓好保密工作，确保党和国家的安全与利益不受损害。
25,区委书记宋景东到海南乡对扶贫工作和秸秆综合利用进行调研,2018-10-31,2018-10-31,牡丹江-西安日报,https://www.mdjxa.gov.cn//index.php?c=article&id=20188,10月30日，区委书记宋景东到海南乡就精准扶贫和秸秆综合利用进行调研，区委办公室、区农业局、海南乡主要同志陪同调研。　　宋景东来到北拉古、拉南、石头沟等村，深入贫困户家中走访看望，亲切同贫困人员交谈，详细了解家庭成员、家庭收入和支出、就医、子女上学、饮用水、厕所新建等情况，并到房前屋后查看周边环境卫生情况。当了解到贫困户均已实现“两不愁、三保障”后，宋景东充分肯定了包保处级领导和相关部门扶贫工作成效，要求进一步在产业帮扶上下功夫，提高三保障能力；加强动态管理，做到不让一个贫困户漏登，也不让一个非贫困户错登，确保精准纳入、精准退出。  　　针对秸秆禁烧和综合利用，宋景东强调，要加快推进秋收进程，为秸秆离田预留更多时间；要准确测算各村玉米秸秆和水稻秸秆的亩数，做到心中有数；要针对村情实际，确定秸秆综合利用的方式，实事求是解决具体问题；要选好试点村，示范带动秸秆综合利用，要把握好时间节点，想尽一切办法在下雪和12月10日前使秸秆全部还田、离田、聚堆，确保明年春天农民及时耕种；要积极向上争取政策，力争得到更多的资金扶持，为加快推动秸秆综合利用提供保障。
23,区委常委、组织部长林坤慰问精准扶贫户,2018-11-01,2018-11-01,牡丹江-西安日报,https://www.mdjxa.gov.cn//index.php?c=article&id=20190,10月30日，区委常委、组织部长林坤来到精准扶贫户赵宝金家，为其送上了米、面、油、煤炭等生活必备品，并为他送去了退出扶贫告知书。　　林坤详细询问了赵宝金最近的生活情况和过冬面临的实际困难，叮嘱他要保重身体，并鼓励他要对生活重拾信心，退出扶贫后有任何困难，党和政府依然是他坚强的后盾。　　林坤强调，镇、村两级扶贫干部要结合此次精准扶贫重新识别工作，以“两不愁三保障”为标准，逐村逐户开展走访，了解群众面临的实际困难，特别是要将贫困边缘户及退出扶贫户列为重点对象，因户施策、精准帮扶，确保脱贫致富不掉队，为实现乡村振兴打下坚实基础。
24,市委巡视整改工作第四督导组到西安区对巡视整改工作进行督导检查,2018-11-01,2018-11-01,牡丹江-西安日报,https://www.mdjxa.gov.cn//index.php?c=article&id=20189,近日，市委巡视整改工作第四督导组组长、市委办公室副主任张会才带队到西安区对中央第六巡视组反馈意见整改工作进行督导检查，区委副书记、统战部长张海峰和相关部门负责同志陪同。　　检查组听取了西安区中央巡视组反馈意见整改工作情况汇报；到区委组织部，区委宣传部，区纪委监委，扶贫办，温春镇及海南乡进行督导检查。　　检查组对西安区建立巡视整改工作领导小组、明确责任分工、制定问题台账，有效开展巡视整改监督指导工作，扎实建立各项整改卷宗、履行办结问题逐级审批等方面工作给予了肯定。　　检查组强调，巡视整改工作事关中央大政方针落实推进，事关领导班子和干部队伍建设、事关社会民生稳定。西安区要进一步加强整改任务认领、完善佐证材料，规范卷宗整理、语言表述等方面工作，提高政治站位、增强整改实效、强化督办问责、切实开展指导监督，真正把整改工作扛在肩上、抓在手上，保质保量完成各项巡视整改工作任务。
22,西安区召开推进秸秆综合利用和农村人居环境三年整治工作会议,2018-11-05,2018-11-05,牡丹江-西安日报,https://www.mdjxa.gov.cn//index.php?c=article&id=20191,为进一步推进秸秆综合利用工作，提高秸秆综合利用率，加强黑土地保护，提高农民环保意识，11月2日，西安区召开秸秆综合利用和农村人居环境三年整治工作会议。区委副书记、统战部长张海峰，副区长李新梁、戴冠宇出席会议。区直各相关单位负责同志、乡镇副科级以上干部、村党支部书记、村委会主任80余人参加会议。　　与会人员首先来到温春镇黑龙江沃野生物质收获包装设备有限公司，实地观摩了玉米秸秆打包、水稻收获秸秆粉碎抛撒还田、玉米秸秆园耙集堆、压块等秸秆“五化”综合利用领域新技术、新工艺的示范演示，了解秸秆还田和保护性耕作相关业务知识并参观了新型农机设备。　　随后，在工作会议上宣读了《西安区有效解决秸秆露天焚烧工作责任追究办法》、《西安区“三清理”“一绿化”专项行动方案》，下发了《西安区农村人居环境整治三年行动实施方案（2018-2020）》的通知和《关于成立西安区实施乡村振兴战略领导小组的通知》；区政府与乡镇签订秸秆综合利用责任书；对下一阶段秸秆综合利用和农村人居环境整治工作进行安排部署。　　会议强调，各乡镇、各村要高度重视禁止秸秆露天焚烧工作，切实提升农民对秸秆“五化”的认知程度，稳步推进秸秆综合利用各项工作；要抓好秸秆离田相关工作，确保12月10前，全区秸秆离田率达到100%。　　会议要求，各乡镇、各村要进一步提高秸秆综合利用水平、完善收储运销网络，加快推进秸秆综合利用工作；要充分发挥技术人员作用，做好全面优化指导服务，特别是做好秸秆腐熟剂本田应用和堆肥应用试验示范；要抢抓今年秋季天气晴好的有利时机，加快秸秆打包、翻埋、碎混还田力度，指导养殖户充分利用作物秸秆储备越冬饲料等，拓宽秸秆综合利用新渠道。
21,西安区召开创城工作推进会议,2018-11-07,2018-11-07,牡丹江-西安日报,https://www.mdjxa.gov.cn//index.php?c=article&id=20200,11月5日，西安区召开创城工作推进会议。区委常委、宣传部长康永生主持会议。副区长戴冠宇出席会议。区文明办、区城建局、民政局、市场监督管理局及各街道、社区负责同志参加会议。　　会上，区创城办对全区住宅小区（单体楼）督导检查情况进行了通报，下发了《西安区住宅小区（单体楼）检查问题整改台账》，对下一步迎接年度测评入户宣传工作进行安排部署。　　会议指出，各责任部门要继续高度重视创建工作，形成合力，对发现的问题严格按照《2018年全国文明城市测评体系》进行整改。各街道、社区要按照强化教育、注重引导、各负其责的原则，与物业管理工作进行有机结合，引导居民进行自我监督和管理，实现全区上下，人人参与，齐抓共管的良好氛围，推进全国文明城市创建。　　会议强调，全区各职能部门、相关单位在下一阶段创建工作中要努力做好四个方面：一要持续发力，常态创建，绵绵用力，久久为功。对梳理总结出的问题通过阶段性整改，进行常态化保持；二要抓住重点，掌握方法。对重点工作要明晰，对工作的点位要明确；通过抓两头、带中间的方法，以典型经验形成高线思维，抓住问题进行整改形成底线思维；三要部门联动、形成合力。要注重发挥各部门之间的协调，思维、步调要一致，把工作做得再细一点、再深入一些，引导居民实现自我管理、自我提升；四要注重总结，及时反馈。要紧紧围绕创城工作的总体思路、目标要求、具体做法、下步打算、先进经验以及涌现的典型人物进行全方位呈现和展示，要相互借鉴，共同提高。把好的经验做法进行推广，让百姓从中得到更多的实惠，共享文明成果。
20,牡丹江市城区创建全国文明城市工作推进会议在西安区召开,2018-11-14,2018-11-14,牡丹江-西安日报,https://www.mdjxa.gov.cn//index.php?c=article&id=20209,11月9日，牡丹江市城区创建全国文明城市工作推进会议在西安区政府后七楼会议室召开。市文明办副主任宁士省主持会议。市委宣传部部务委员杨荣江，区委常委、宣传部长康永生出席会议。全市各城区文明办、城建局、城管分局及街道、社区负责人参加会议。　　会议对牡丹江市在新一轮创城工作中取得的成绩及存在的问题进行了梳理，对年度测评前材料申报、实地考察及入户测评的注意事项和相关要求进行了详细讲解，明确了工作的原则，点明了重点和难点。　　会议要求，针对本次年度测评，要切实做好三方面工作：一要提高政治站位，深化创城工作的认识；二要对照测评体系，进一步明确创城责任；三要聚焦重难点，补齐短板，进一步消化创建工作中的不足。　　会议强调，创城年度测评已进入倒计时阶段，各城区、各责任部门要切实增强责任感和紧迫感，主动认领任务，查漏洞、找不足、补短板，在深、实、严、细上下功夫，按时完成对点达标工作任务，确保创城工作真正形成合力，努力提高创建水平，确保在年度测评中取得好成绩。
17,西安区召开扫黑除恶专项斗争工作会议,2018-11-20,2018-11-20,牡丹江-西安日报,https://www.mdjxa.gov.cn//index.php?c=article&id=20226,近日，西安区召开扫黑除恶专项斗争工作会议。区委书记宋景东主持会议。区委副书记、统战部长张海峰，区委常委、组织部长林坤，区委常委、纪委书记、监委主任冯慧杰，区委常委、政法委书记郭诗忠，区法院院长何耀新，区检察院负责人焦方文，先锋公安分局局长陈玉韬，西安公安分局局长李云齐及相关部门负责同志参加会议。　　会议分别听取了西安公安分局、先锋公安分局、区检察院、区法院、区政法委和区纪委关于扫黑除恶专项工作的情况汇报。　　会议指出，专项斗争开展以来，经过公、检、法和政法、纪检机关通力合作、协调配合，我区扫黑除恶专项斗争取得显著战果，重点案件受到省、市领导关注，社会大局和谐稳定。　　会议要求，各相关单位要继续加强合作，形成合力，把此项工作作为长期工作来抓，不断巩固和扩大战果；要加大扫黑工作宣传力度，为开展扫黑除恶专项斗争营造良好的法制环境和社会舆论环境；要提高政治站位，从讲政治的高度来抓好落实此项工作，给人民群众创造一片法治的蓝天；要加强保障，人力、物力、财力要向扫黑工作倾斜，为一线公安、政法干警保驾护航。
18,区委常委、纪委书记、监委主任冯慧杰到海南乡拉南村参加主题党日活动,2018-11-20,2018-11-20,牡丹江-西安日报,https://www.mdjxa.gov.cn//index.php?c=article&id=20225,"近日，区委常委、纪委书记、监委主任冯慧杰到海南乡拉南村，以一名普通党员的身份参加了拉南村党支部开展的主题党日活动。　　活动中，冯慧杰围绕习近平总书记在深入推进东北振兴座谈会上的重要讲话和在我省考察时的重要指示精神，为拉南村全体党员上了一堂党课，和与会党员共同分享了自己的感受；并鼓励拉南村全体党员干部要敢于创新、勇于发展，发挥好基层党支部战斗堡垒作用和党员的先锋模范带头作用。
				来源：区纪委监委"
19,西安区召开2018年度安全生产暨冬春火灾防控工作会议,2018-11-20,2018-11-20,牡丹江-西安日报,https://www.mdjxa.gov.cn//index.php?c=article&id=20224,为贯彻全市安全生产暨冬春火灾防控工作视频会议精神，进一步部署年底前西安区安全生产和冬春火灾防控重点工作，确保全区安全生产形势总体稳定，11月15日，西安区召开2018年度安全生产暨冬春火灾防控工作会议。区委常委、常务副区长孙传宝出席会议。区直各相关部门主要负责同志、西安公安分局、先锋公安分局、西安区消防大队主要负责同志，各社区警务队负责人、消防大队全体干部，乡镇、街道相关负责同志参加会议。　　会上，与会人员观看了消防安全警示教育片；通报了西安区近期火情处理、消防安全形势及“火灾隐患清剿年”一至四号行动消防安全专项整治工作开展情况。　　会议指出，要充分认清形势，进一步增强消防工作责任感、使命感，各部门必须坚持以习近平新时代中国特色社会主义思想为指导，坚决贯彻落实党中央、国务院关于安全生产工作的决策部署，牢固树立安全发展理念，严格落实消防安全责任，层层强化安全预防措施，完善安全风险评估与监测预警机制，持续开展隐患排查治理，夯实消防安全基础，坚决防范遏制各类火灾事故发生。　　会议要求，各部门要强化风险意识，着力提升火灾防控工作水平，不发生大火是衡量和检验冬春防控成效最根本、最直接的标准，是底线、也是红线；各部门要切实强化底线思维、忧患意识，紧紧抓住重点任务、重点问题，凝心聚力、尽职尽责，确保我区冬春季消防安全形势平稳。　　会议强调，要突出明责问效，健全完善安全管理责任体系，各行业主管部门要认真落实《消防安全责任制实施办法》和“三个必管”的要求，切实履行行业消防安全监管职责；要结合行业系统特点，制定针对性实施方案，组织开展火灾隐患排查整治，切实净化行业消防安全环境；要强化工作统筹，将今冬明春火灾防控工作纳入本行业、本系统日常督查检查和年度工作考核范畴，加大隐患督改和跟踪督办力度，确保各项工作落地见效。
16,西安区召开2018年“准备之冬”项目建设推进会议,2018-11-23,2018-11-23,牡丹江-西安日报,https://www.mdjxa.gov.cn//index.php?c=article&id=20356,"11月22日，西安区召开2018年“准备之冬”项目建设推进会议。区委副书记、区长栾娟主持会议。区委副书记、统战部长张海峰，区委常委、常务副区长孙传宝，副区长李新梁、戴冠宇出席会议。全区各承标部门负责同志参加会议。　　会议通报了截止11月22日全区各承标部门招商引资、固定资产投资完成情况，听取了各部门“准备之冬”项目进展情况的汇报。　　会议指出，项目建设是全区经济社会发展的强力引擎和重要支撑。今年工作已经进入冲刺收官的关键时段，全区各部门要统一思想、凝神聚力，切实增强抓好经济运行的责任感和紧迫感，准确把握经济发展走势，结合区情实际和项目承载优势，紧紧围绕“商贸业、互联网产业、现代服务业等主导产业，着力引进具有带动和支撑作用的新产业、好项目，助力区域经济发展。　　会议要求，要加快推进指标建设，各部门要认真对照全年指标任务，采取针对性的研究对策和措施，加快推进公共财政收入、固定资产投资、社会消费品零售总额、工业增加值等经济指标，确保全年指标任务顺利完成；要加快产业项目发展，各部门要准确把握形势，立足区情实际，延伸产业链条，加快推进商业提档升级，提高商贸经济竞争力，深入研究传统产业转型升级，壮大区域经济整体实力；要重点发展互联网+、大数据、智能项目等新兴产业，前瞻布局未来产业发展,将智能技术产业成为带动经济发展的重要力量，同时进一步加大文化产业、居家、健康养老等民生项目谋划和推进力度，切实提高公共服务供给能力；各分管战线要进一步梳理各行业、各领域的项目线索，加快推进重点项目跟踪推进力度，以“走出去、请进来”招商模式，全力以赴推动项目落实增效。"
14,西安区召开2018年“准备之冬”项目建设推进会议,2018-11-26,2018-11-26,牡丹江-西安日报,https://www.mdjxa.gov.cn//index.php?c=article&id=20244,"11月22日，西安区召开2018年“准备之冬”项目建设推进会议。区委副书记、区长栾娟主持会议。区委副书记、统战部长张海峰，区委常委、常务副区长孙传宝，副区长李新梁、戴冠宇出席会议。全区各承标部门负责同志参加会议。　　会议通报了截止11月22日全区各承标部门招商引资、固定资产投资完成情况，听取了各部门“准备之冬”项目进展情况的汇报。　　会议指出，项目建设是全区经济社会发展的强力引擎和重要支撑。今年工作已经进入冲刺收官的关键时段，全区各部门要统一思想、凝神聚力，切实增强抓好经济运行的责任感和紧迫感，准确把握经济发展走势，结合区情实际和项目承载优势，紧紧围绕“商贸业、互联网产业、现代服务业等主导产业，着力引进具有带动和支撑作用的新产业、好项目，助力区域经济发展。　　会议要求，要加快推进指标建设，各部门要认真对照全年指标任务，采取针对性的研究对策和措施，加快推进公共财政收入、固定资产投资、社会消费品零售总额、工业增加值等经济指标，确保全年指标任务顺利完成；要加快产业项目发展，各部门要准确把握形势，立足区情实际，延伸产业链条，加快推进商业提档升级，提高商贸经济竞争力，深入研究传统产业转型升级，壮大区域经济整体实力；要重点发展互联网+、大数据、智能项目等新兴产业，前瞻布局未来产业发展,将智能技术产业成为带动经济发展的重要力量，同时进一步加大文化产业、居家、健康养老等民生项目谋划和推进力度，切实提高公共服务供给能力；各分管战线要进一步梳理各行业、各领域的项目线索，加快推进重点项目跟踪推进力度，以“走出去、请进来”招商模式，全力以赴推动项目落实增效。"
15,西安区召开组织工作会议,2018-11-26,2018-11-26,牡丹江-西安日报,https://www.mdjxa.gov.cn//index.php?c=article&id=20245,11月23日，西安区召开组织工作会议。区委书记宋景东发表讲话。区委常委、组织部长林坤主持会议。区委副书记，统战部长张海峰，区委常委、纪委书记、监委主任冯慧杰出席会议。区委党建工作领导小组各成员单位、区委各部办委、区直各党组负责人、党务干事，乡镇、街道党（工）委书记、副书记、乡镇组织委员、各村（社区）书记，区属教育、卫计系统二级部门党组织负责人，区委组织部、老干部局、机关工委全体人员参加会议。　　会议传达了中央及省、市组织工作会议精神；对十八大以来全区组织工作予以全面总结；为下一步贯彻落实好上级相关会议精神指明方向；并结合区情实际，指出组织工作面临的新形势、新要求，明确下一阶段组织工作面临的五个方面工作任务。　　会议要求，全区上下要充分认识到这次会议的重要意义，注重对会议精神的理解和把握，对工作思路再完善，对工作目标再修订，对工作举措再创新，对工作责任再落实，凝聚起管党治党的强大合力；各区直党组织要在深入学习领会的基础上，认真梳理会议提出的各项任务要求，紧密结合实际完善工作举措，逐条细化分解落实，明确责任主体和完成时限，保障各项任务的圆满完成。　　会议强调，要以问题为突破口，打破思维定式，大胆改革创新，深入推进党建制度改革、党建载体创新，创造性地推进各项任务落实；要发扬事不过夜、勤勉高效的好作风，既注重雷厉风行，也注重久久为功，既有马上就办的态度，也有善作善成的韧劲，使党的建设和组织工作在新时代展现新气象新作为，为建设西安区全面振兴、全方位振兴提供坚强组织保证。
13,区委书记宋景东到先锋街道邮政社区调研,2018-11-27,2018-11-27,牡丹江-西安日报,https://www.mdjxa.gov.cn//index.php?c=article&id=20353,11月23日，区委书记宋景东到先锋街道办事处邮政社区调研物业管理工作。　　调研中，宋景东详细了解了邮政社区住宅区和单体楼数量、辖区物业服务开展情况、居民业主反馈意见、物业服务费收取水平以及下一步社区加强物业管理的工作思路。　　宋景东强调，物业管理工作是一项牵动千家万户、事关群众切身利益的民生工程，也是一项民心工程；要坚持以全心全意为人民服务为宗旨，以群众利益无小事为准则，持续抓好物业服务标准化、规范化。　　宋景东要求，社区居委会要切实加强与业主委员会的沟通联动，有效监督物业服务开展；要发挥好桥梁纽带作用，有效调节物业服务中的矛盾纠纷；要大力宣传物业行业政策法规，有效引导居民树立“花钱买服务”的主体意识；要解放思想、创新思维，探索通过多种经营、丰富服务项目、改革物业体制等方式，达到降本增效、提升服务水平，促进行业健康发展的目标；要进一步落实《牡丹江市住宅物业管理条例》，依法加强物业管理监督考核，不断提高社区居民满意度，切实增强群众幸福感获得感。
12,西安区召开解放思想推动高质量发展大讨论动员部署会议,2018-11-30,2018-11-30,牡丹江-西安日报,https://www.mdjxa.gov.cn//index.php?c=article&id=20355,为深入学习贯彻落实习近平总书记在深入推进东北振兴座谈会上的重要讲话和考察黑龙江的重要指示精神，贯彻落实省委、市委全会的部署， 11月29日，西安区召开“解放思想推动高质量发展大讨论”动员部署会议。区委书记宋景东作讲话。区委副书记、区长栾娟主持会议。处级领导、各乡镇、街道党（工）委，区委各部办委，区直各党 （工）委、党组领导干部参加会议。    会上，宣读了《开展解放思想推动高质量发展大讨论实施方案》、解放思想推动高质量发展大讨论小组名单和工作机构设置；区委书记宋景东作讲话。    会议指出，全区广大干部要结合“解放思想推动高质量发展大讨论”活动，以学习讨论为基本途径，以推动高质量发展为根本目的，坚持问题导向，紧密结合全区经济社会发展实际，深刻查摆、着力破解影响和制约高质量发展的思想障碍和体制机制束缚，在解放思想中统一思想、凝聚共识，教育和引导全区广大干部群众坚持新发展理念，解放思想、锐意进取、瞄准方向、破解矛盾、扬长避短、发挥优势，以新气象新担当新作为推动西安区全面振兴全方位振兴。    会议强调，开展解放思想推动高质量发展大讨论，是贯彻落实习近平总书记重要讲话和重要指示精神的重要载体，是树牢“四个意识”、落实“两个维护”的具体行动。各部门主要领导要切实负起“第一责任人”职责，把开展解放思想推动高质量发展大讨论作为当前重要政治任务。全区广大干部要加快从认识层面破题、向实践层面传导、在作风层面深化，推动思想大解放、真解放、深解放，全面提高领导干部的能力素质，激发工作热情，提升综合治理管理水平，更好地服务西安区建设，实现西安区的大发展、大跨越、大突破。    会议要求，各部门、各单位要立即召开专题会议，迅速把会议精神传达到各个层面，使广大干部群众明确这次活动的指导思想、主要任务、讨论内容和实践重点，切实从思想上把广大干部群众统一到以思想大解放推进西安区全面振兴、全方位振兴的要求部署上来，迅速掀起大讨论热潮。    会议号召，全体广大领导干部要以此次会议为契机，把开展解放思想推动高质量发展大讨论与国家和省、市推进全面振兴全方位振兴的决策部署结合起来，与牡丹江“发展体检”和振兴发展实践结合起来，努力把大讨论的成果体现在扩大经济总量、加快发展速度、提升发展质量的生产实践上，体现在深化改革、优化营商环境、强化创新驱动、扩大对外开放、促进协调发展、推动绿色发展和补齐民生短板上，用实际行动助推西安区全面振兴全方位振兴！
11,西安区召开城市基层党建联席会议,2018-12-06,2018-12-06,牡丹江-西安日报,https://www.mdjxa.gov.cn//index.php?c=article&id=20478,"为进一步落实推进西安区城市基层党建工作， 12月5日，西安区召开城市基层党建联席会议。区委书记宋景东主持会议并讲话。区委副书记、统战部长张海峰，区委常委、组织部长林坤，区委常委、纪委书记、监委主任冯慧杰，区委常委、政法委书记郭诗忠出席会议。区委党的建设领导小组成员单位负责人、各街道党工委书记、辖区32个驻区机关企事业单位参加会议。    会上，宣读了《西安区城市基层党建联席会议实施方案》；驻区各单位代表分别就如何做好西安区城市基层党建共驻共建工作进行交流发言；通报了西安区城市基层党建联席会议制度和成员名单；区委书记宋景东分别与各成员单位代表签订西安区城市基层党建联席共建协议书。    会议指出，加强城市党建工作是深入贯彻习近平新时代中国特色社会主义思想和党的十九大精神，践行习近平总书记关于党的建设和组织工作重要思想的必然趋势，也是全面落实各级组织工作会议精神的具体要求。    会议要求，要进一步推进我区城市基层党建工作，凝聚共驻共建、互联互动共识，打破行政隶属壁垒，在区委统筹协调下，充分发挥党的组织优势和社会整合功能；要坚持主动服务、联动融合，各驻地单位要主动融入社区服务,形成“一盘棋”；要创新载体、共建共享，建立开放性的互联互动纽带，通过组织共建、活动共联、资源共享，把资金、场地、人才等资源整合起来，发挥其最大效益。    会议强调，各街道党工委要迅速与属地共建单位对接，为共建单位做好服务，充分利用党建联席会议机制，有效整合资源，创新服务方式，形成以区党委为核心、街道社区党组织为基础，辖区共建单位党组织共同参与的区域化党建工作体系，有机融合、互促共进，形成合力，共同为民办实事、办真事，切实提高西安区城市基层党建工作整体水平。"
10,西安区召开创建全国文明城市工作推进会,2018-12-07,2018-12-07,牡丹江-西安日报,https://www.mdjxa.gov.cn//index.php?c=article&id=20479,"为贯彻落实全市创建全国文明城市工作推进会议精神，12月5日，西安区召开创建全国文明城市工作推进会。区委副书记、区长栾娟主持会议并讲话。区委副书记、统战部长张海峰，副区长李新梁、戴冠宇出席会议。乡镇、街道党政主要负责同志、分管负责同志，区文明办、城建局、市场监督管理局、教育文体局、民政局、卫计局、城管西安分局、公安西安分局、公安先锋分局主要负责同志，各社区党组织负责同志参加会议。    会上，印发了2018年西安区《创建全国文明城市实地考察责任清单》及20条调查问卷辅导内容；区文明办主任李雪菲对2018年版《全国文明城市测评体系》新增内容和操作要求作说明；区委副书记、统战部长张海峰对创城重点工作任务进行安排部署。    会议要求，各部门要高度重视，主要领导靠前指挥，认真对照新标准新要求，对号入座、认真履责，齐抓共管集中力量快速攻坚见成效；要聚焦重点难点，围绕网上材料申报、实地考察、入户测评重点真抓实干，硬件建设集中抓攻坚、固强补弱,软件管理突出抓整治、以长补短，积极调配力量，注重方式方法，做好群众工作；要做到条块结合，协同作战，凝聚强大合力，以必胜的决心、必得的勇气，争分夺秒，坚决完成各项创建任务，确保测评取得良好成绩。"
9,西安区召开解放思想推动高质量发展大讨论专题培训,2018-12-10,2018-12-10,牡丹江-西安日报,https://www.mdjxa.gov.cn//index.php?c=article&id=20480,"为深入学习习近平总书记在深入推进东北振兴座谈会上的重要讲话和考察黑龙江的重要指示精神，按照区委开展解放思想推动高质量发展大讨论学习研讨阶段的总体部署，12月7日，西安区召开解放思想推动高质量发展大讨论专题培训。区委副书记、统战部长张海峰主持活动。处级领导，各乡镇、街道党政班子成员，区直各单位班子成员和解放思想大讨论办公室全体成员参加培训。    此次培训邀请牡丹江市委党校教授朱明以《从战略高度贯彻新发展理念，实现新时代东北全面振兴全方位振兴》为主题，从“围绕破除观念束缚、围绕改革发展实践、围绕强化责任担当”三个方面阐明了如何解放思想，从战略部署和战略深意两个维度解读了怎样以解放思想的新境界,推进各项事业的新发展，从而实现新时代东北全面振兴全方位振兴！    通过此次培训，参训同志进一步明确了解放思想推动高质量发展大讨论的主要任务与实践重点，进一步理顺了解放思想与实现西安区全面振兴全方位振兴的内在联系，纷纷表示要坚持以上率下带头解放思想；坚持把自己摆进去，把工作摆进去，把职责摆进去；坚持对表对标找差距，勇于打破自身“紧箍咒”，从认识层面破题、向实践层面传导、在作风层面深化，推动思想大解放、真解放、深解放，争做思想解放带头人，以新气象新担当新作为推动西安区全面振兴全方位振兴，为实现开放西安、幸福西安做出自己应有的贡献。"
8,区委常委、宣传部长康永生带队检查各类实地考察点位迎评准备情况,2018-12-11,2018-12-11,牡丹江-西安日报,https://www.mdjxa.gov.cn//index.php?c=article&id=20481,12月7—8日，区委常委、宣传部长康永生带领区创城办工作人员检查各类实地考察点位迎评准备情况。    检查组分别到辖区两个乡镇、四个街道办事处、西三社区、日照社区、民政大厅、先锋小学未成年人心理健康辅导站、铁三小学、华隆市场、沿江卫生院、丹江假日酒店、情缘大酒店等各类实地考察点位检查迎评准备情况。共发现四大类10处需整改问题，下发整改通知单12份。    康永生强调，创城工作事关群众的根本利益，离不开群众的参与和支持，在最后的迎检冲刺阶段，要进一步加大宣传工作力度，形成人人知晓、人人支持、人人参与的良好氛围，展示出西安区良好的城市形象和精神风貌，确保测评取得优异成绩。    康永生要求，各责任单位要全力以赴投入到创建全国文明城市迎评工作中，做到既明确任务、又落实责任，既突出重点、又兼顾全面。要坚持问题导向，严格按照2018年西安区《创建全国文明城市年度测评实地考察责任清单》查遗补缺，对发现的问题举一反三，按照整改时限高质量完成整改任务。
6,中共西安区委召开十届39次常委（扩大）会议,2018-12-13,2018-12-13,牡丹江-西安日报,https://www.mdjxa.gov.cn//index.php?c=article&id=20494,12月12日，中共西安区委召开十届39次常委（扩大）会议，区委书记宋景东主持会议。区四个班子成员、乡镇街道党政主要负责同志、区直各单位、各部门负责同志参加会议。    会议传达了黑龙江省委书记张庆伟在省委深改工作委员会第一次会议上的讲话精神；传达了全市深化机构改革动员大会、全市机关作风整顿优化营商环境警示大会、全市河湖长第三次会议精神并听取了我区贯彻落实意见；学习了中共黑龙江省委《关于贯彻<中国共产党巡视工作条例>实施办法》；听取了2018年度基层党建工作责任制落实情况的汇报；会议结合全年主要责任经济指标任务完成情况，明确了相关单位年末工作重点和目标任务。    会议指出，全区各级党组织要深刻认识和领会《中国共产党巡视工作条例》颁布的重大意义和精神实质，抓好学习和落实，自觉接受巡视监督，积极配合巡视工作。巡察机构要以《条例》精神为指导，进一步加强和完善巡视巡察工作，坚持问题导向，积累巡察经验，切实提高巡视监督实效。    会议强调，要强化政治担当，精心组织实施，平稳有序推进，抓好机构改革和日常工作的有机衔接，圆满完成各项改革任务；要以最坚决的态度、最有力的措施、最严格的标准，持续深化机关作风整顿，不断优化营商环境；要强化责任落实，层层压实责任，压紧压实河湖长第一责任和直接责任，特别是要把村级河湖长“最后一公里”管护职责落实落靠；要按照新时代党的建设总要求，以提升组织力为重点，补齐“短板”、发挥优势，推动各领域党建工作全面提升。    会议要求，各相关单位要提高认识，认清形势，切实把主要责任指标任务考核工作放在重要位置，进一步明确时间节点，理清思路深度挖潜，抓好各项责任指标任务落实。要本着实事求是的工作原则，坚决杜绝弄虚作假，及时掌握经济指标运行趋势，确保按年初目标完成各项经济指标任务。
7,西安区纪委监委召开解放思想推动高质量发展大讨论动员部署会议,2018-12-13,2018-12-13,牡丹江-西安日报,https://www.mdjxa.gov.cn//index.php?c=article&id=20482,12月7日，西安区纪委监委召开“解放思想推动高质量发展大讨论”动员部署会议。区委常委、纪委书记、监委主任冯慧杰出席会议并讲话。区纪委监委班子成员、全体机关干部、区委巡察办和巡查组成员参加会议。    会议传达了区委书记宋景东在全区开展解放思想推动高质量发展大讨论动员会议上的讲话精神；宣读了《西安区纪委监委开展解放思想推动高质量发展大讨论实施方案》《西安区纪委监委开展解放思想推动高质量发展大讨论领导小组和机构》；对区纪委、监委下一步解放思想大讨论工作进行安排部署。     冯慧杰强调，开展解放思想推动高质量发展大讨论活动，是为了深入学习贯彻落实习近平总书记在深入推进东北振兴座谈会上的重要讲话和考察黑龙江的重要指示精神，全区纪检监察干部要深刻认识其重要的政治意义，树牢“四个意识”，自觉践行“两个维护”，为推动西安区全面振兴全方位振兴提供有力保障。
5,区委组织部召开解放思想推动高质量发展大讨论启动会,2018-12-17,2018-12-17,牡丹江-西安日报,https://www.mdjxa.gov.cn//index.php?c=article&id=20495,12月14日，区委组织部召开解放思想推动高质量发展大讨论启动会。区委常委、组织部长林坤同志出席会议并讲话。区委组织部、离退办全体工作人员参加会议。会议传达了部机关《关于开展解放思想高质量发展大讨论的实施方案》；对开展好此项工作提出具体要求。    会议指出，开展解放思想大讨论活动，要紧紧围绕西安区全面振兴全方位振兴这一主题开展深入讨论。努力克服“九种病症”，着力化解“六个深层次矛盾”，坚决整顿“八种作风顽疾”和16个“坚决破除”。认真学习、深刻讨论、查摆问题，既从工作层面查问题、议对策，更从思想层面找不足、挖根源。    会议要求，要重点围绕在对基层党组织建设、人才培养、干部能力等方面存在的问题进行系统分析的基础上，深入查摆组织工作突出的“十大问题”，提出切实可行的解决办法，在创新发展理念、破解瓶颈制约、集聚创新资源、激励担当作为等方面找到解放思想的有效路径，确保组织工作整体实现“十提升”，提升组织工作科学化水平。    会议强调，开展解放思想大讨论，是当前一项重要政治任务，关系到当前和长远发展，要有序推进解放思想大讨论各阶段重点工作，认真对照方案要求，不折不扣抓好落实，要注意多总结、多提炼推进过程中的一些好经验、好做法，同时，还要抓好各项业务工作推进，做到两不误、两促进、两提高，真正把解放思想的成效体现在提高组工干部精气神上，体现在推动组织工作实现高质量发展上，为西安区全面振兴提供坚强组织保证。
4,西安区召开深化机关作风整顿优化营商环境警示教育大会,2018-12-19,2018-12-19,牡丹江-西安日报,https://www.mdjxa.gov.cn//index.php?c=article&id=20536,12月18日，西安区召开深化机关作风整顿优化营商环境警示教育大会。区委书记宋景东出席会议并讲话。区委副书记、区长栾娟主持会议。区现职副处级以上领导同志，区法院，区检察院主要负责同志，各乡镇、街道党政主要负责同志，区直各单位负责人，二级单位主要负责人，村党支部书记、主任，社区书记参加会议。    会议通报了全区深化机关作风整顿优化营商环境典型案例。    会议强调，要坚持以案为镜，切实增强重塑营商环境的紧迫感。要时刻以反面典型为戒，保持高度警惕，始终高度重视作风建设，毫不松懈打造优良营商环境，切实让企业和群众看到明显变化；要坚定“抓铁有痕”的决心，坚决重塑投资营商环境，通过解放思想推动投资营商环境大改善，通过深化体制机制和工作规程改革重塑投资营商环境，加大破坏营商环境案例的查处力度，严惩严治破坏营商环境问题，紧盯“关键少数”、行政执法，常态化长效化抓整治，重塑投资营商环境。    会议要求，要进一步提升责任意识，扎实推动重塑投资营商环境向纵深发展；要全面落实责任，层层传导压力，把责任和压力传导到每一名党员干部，强化干部教育监管，激励广大干部担当新使命、展现新作为；要坚决贯彻党中央和省委、市委决策部署，横下一条心，全面打赢机关作风整顿优化营商环境攻坚战，为实现西安区全面振兴全方位振兴提供坚强保障！
3,牡丹江市退役军人事务局西安分局挂牌成立,2018-12-21,2018-12-21,牡丹江-西安日报,https://www.mdjxa.gov.cn//index.php?c=article&id=20537,12月20日，牡丹江市退役军人事务局西安分局正式挂牌成立。区委副书记、统战部长张海峰，区委常委、组织部长林坤，区委常委、常务副区长孙传宝，区委常委、武装部政委严长谷，副区长戴冠宇出席揭牌仪式。    牡丹江市退役军人事务局西安分局整合双拥、优抚、安置及军官转业安置等职责，体现了“一类事项原则上由一个部门统筹、一件事情原则上由一个部门负责”的要求，破除了过去多口管理、职责交叉、 衔接不畅等体制性障碍。    牡丹江市退役军人事务局西安分局的成立，是区委区政府全面贯彻落实国家、省、市决策部署，全面深化机构改革的重要举措，对于加强退役军人服务保障，具有重大深远意义。
2,西安区召开妇女儿童工作推进会议,2018-12-24,2018-12-24,牡丹江-西安日报,https://www.mdjxa.gov.cn//index.php?c=article&id=20538,12月21日，西安区召开妇女儿童工作推进会议。区委常委、常务副区长、区妇儿工委主任孙传宝出席会议并讲话。区妇儿工委成员单位相关负责同志参加会议。    会议对妇女儿童“两个规划”编制情况进行了说明；对下一阶段全区妇儿工作进行安排部署。    会议指出，做好妇女儿童工作，既是应尽的责任，又是光荣的使命，妇儿工委各成员单位要强化部门联动，形成工作合力，履职尽责，全力抓好工作落实。    会议要求，要完善“两个规划”评估督导和目标落实情况报告制度，把妇女儿童工作由“软”任务变为“硬”约束，对区妇儿工委成员单位“两个规划”实施情况进行年度考核，对目标任务进展缓慢的部门及时发出预警通知，全面动态掌握“两个规划”实施成效，及时发现、解决问题，确保各项任务如期完成；要以党的十九大精神关于妇女儿童工作的部署统领妇女儿童工作全局，齐心协力，奋发有为，努力开创妇女儿童工作新局面，推动我区妇女儿童事业发展走在全市前列，为西安区全面振兴全方位发展做出新的更大贡献！
1,区委副书记、政府代区长张海峰带队到乡镇开展元旦节前安全生产大检查,2018-12-29,2018-12-29,牡丹江-西安日报,https://www.mdjxa.gov.cn//index.php?c=article&id=20605,为切实做好元旦期间安全生产工作，严防各类安全事故发生，确保全区安全形势持续稳定。12月29日下午，西安区委副书记、政府代区长张海峰带队到乡镇开展节前安全生产检查。区委常委、政府副区长孙传宝，政府副区长李新梁参加活动，区政府办公室、区市场监督管理局、区农业局等有关部门负责同志陪同检查。　　在海南乡北纯农产品电商产业示范基地，检查组一行详细听取了企业负责人关于企业基本情况、运行模式及全年生产销售情况的汇报，并现场查看了企业消防设施、安全通道等情况。张海峰要求，企业要进一步落实食品安全和安全生产的主体责任，严守安全底线；职能部门要切实加强指导，做好定期检查和抽检工作，不断优化服务、科学监管，共同筑牢安全生产防线、把好食品安全质量关。　　在温春镇，张海峰一行认真听取了温春镇镇长嵇慧斌关于安全生产、脱贫攻坚以及秸秆禁烧情况的汇报。张海峰强调，要继续加大禁烧宣传和管理力度，巩固前期禁烧成果，深入落实网格化管理责任，把秸秆离田与解决秸秆露天焚烧工作相结合，做好宣传发动，充分调动广大党员干部和群众的工作积极性，全速推进秸秆离田工作进度，努力提高秸秆综合利用率，为明年的农业生产打下坚实基础。　　最后，张海峰要求各部门、乡镇要牢固树立抓好安全生产的责任意识和危机意识，全面深化辖区安全生产隐患排查整治工作，做到措施到位、效果明显；对于不符合规定的企业，采取查封、关停等有力措施，彻底根除隐患，确保万无一失。要高度重视信访稳定工作，牢固树立守土有责、守土负责、守土尽责的意识，强化重大矛盾隐患排查，加大重点群体、重点人包保力度，确保元旦期间社会和谐稳定。
